id;demandaId;demandaTitulo;empresa;profissionalId;profissional;compatibilidade;criterios;mensagem;acervo;situacao;data
cand-0001;2026-118;SPDA e aterramento;Daniel Tec;prof-043;"{""nome"": ""Marcelo Castro Santana"", ""iniciais"": ""MS"", ""cor"": ""avatar-ambar"", ""titulo"": ""Engenheiro eletricista"", ""registro"": ""CREA-RO 043895/D"", ""cidade"": ""Porto Velho"", ""uf"": ""RO"", ""nota"": 4.3, ""avaliacoes"": 2, ""verificado"": true, ""competencias"": [""Laudo de instalações elétricas"", ""Subestação"", ""SPDA"", ""Automação predial""]}";83;"[{""rotulo"": ""Área de atuação"", ""peso"": 40, ""pontos"": 40, ""detalhe"": ""Você atua em Elétrica, que é o que a demanda exige.""}, {""rotulo"": ""Acervo confirmado no Crea"", ""peso"": 30, ""pontos"": 30, ""detalhe"": ""4 documentos confirmados na área da demanda (ponto cheio a partir de 3).""}, {""rotulo"": ""Localização"", ""peso"": 15, ""pontos"": 0, ""detalhe"": ""A obra fica em Manaus, fora da sua região de atendimento.""}, {""rotulo"": ""Avaliações recebidas"", ""peso"": 15, ""pontos"": 13, ""detalhe"": ""Média 4,3 em 2 avaliações de contratos registrados.""}]";Já trabalhei com esse tipo de serviço em 2025, com ART registrada.;[];enviada;22/09/2026
cand-0002;2026-118;SPDA e aterramento;Daniel Tec;prof-037;"{""nome"": ""Caio Souza Farias"", ""iniciais"": ""CF"", ""cor"": ""avatar-verde"", ""titulo"": ""Engenheiro eletricista"", ""registro"": ""CREA-AM 030522/D"", ""cidade"": ""Humaitá"", ""uf"": ""AM"", ""nota"": 4.2, ""avaliacoes"": 15, ""verificado"": true, ""competencias"": [""Automação predial"", ""Energia solar fotovoltaica"", ""Eficiência energética"", ""Montagem industrial""]}";83;"[{""rotulo"": ""Área de atuação"", ""peso"": 40, ""pontos"": 40, ""detalhe"": ""Você atua em Elétrica, que é o que a demanda exige.""}, {""rotulo"": ""Acervo confirmado no Crea"", ""peso"": 30, ""pontos"": 30, ""detalhe"": ""4 documentos confirmados na área da demanda (ponto cheio a partir de 3).""}, {""rotulo"": ""Localização"", ""peso"": 15, ""pontos"": 0, ""detalhe"": ""A obra fica em Manaus, fora da sua região de atendimento.""}, {""rotulo"": ""Avaliações recebidas"", ""peso"": 15, ""pontos"": 13, ""detalhe"": ""Média 4,2 em 15 avaliações de contratos registrados.""}]";Tenho interesse e posso visitar o local nesta semana.;[];visualizada;23/09/2026
cand-0003;2026-118;SPDA e aterramento;Daniel Tec;prof-060;"{""nome"": ""Aline Menezes Cardoso"", ""iniciais"": ""AC"", ""cor"": ""avatar-verde"", ""titulo"": ""Engenheira eletricista"", ""registro"": ""CREA-AM 021355/D"", ""cidade"": ""Manaus"", ""uf"": ""AM"", ""nota"": 4.6, ""avaliacoes"": 15, ""verificado"": true, ""competencias"": [""Automação predial"", ""Projeto elétrico"", ""Subestação""]}";79;"[{""rotulo"": ""Área de atuação"", ""peso"": 40, ""pontos"": 40, ""detalhe"": ""Você atua em Elétrica, que é o que a demanda exige.""}, {""rotulo"": ""Acervo confirmado no Crea"", ""peso"": 30, ""pontos"": 10, ""detalhe"": ""1 documento confirmado na área da demanda (ponto cheio a partir de 3).""}, {""rotulo"": ""Localização"", ""peso"": 15, ""pontos"": 15, ""detalhe"": ""Você atende Manaus, onde fica a obra.""}, {""rotulo"": ""Avaliações recebidas"", ""peso"": 15, ""pontos"": 14, ""detalhe"": ""Média 4,6 em 15 avaliações de contratos registrados.""}]";Tenho interesse e posso visitar o local nesta semana.;[];visualizada;23/09/2026
cand-0004;2026-118;SPDA e aterramento;Daniel Tec;prof-032;"{""nome"": ""Leonardo Santana Cardoso"", ""iniciais"": ""LC"", ""cor"": """", ""titulo"": ""Engenheiro civil"", ""registro"": ""CREA-AM 048033/D"", ""cidade"": ""Tefé"", ""uf"": ""AM"", ""nota"": 4.8, ""avaliacoes"": 12, ""verificado"": true, ""competencias"": [""Compatibilização de projetos"", ""Revit"", ""Planejamento de obra"", ""Laudo de instalações elétricas""]}";74;"[{""rotulo"": ""Área de atuação"", ""peso"": 40, ""pontos"": 40, ""detalhe"": ""Você atua em Elétrica, que é o que a demanda exige.""}, {""rotulo"": ""Acervo confirmado no Crea"", ""peso"": 30, ""pontos"": 20, ""detalhe"": ""2 documentos confirmados na área da demanda (ponto cheio a partir de 3).""}, {""rotulo"": ""Localização"", ""peso"": 15, ""pontos"": 0, ""detalhe"": ""A obra fica em Manaus, fora da sua região de atendimento.""}, {""rotulo"": ""Avaliações recebidas"", ""peso"": 15, ""pontos"": 14, ""detalhe"": ""Média 4,8 em 12 avaliações de contratos registrados.""}]";Já trabalhei com esse tipo de serviço em 2025, com ART registrada.;[];enviada;24/09/2026
cand-0005;2026-118;SPDA e aterramento;Daniel Tec;prof-002;"{""nome"": ""Ana Beatriz Farias"", ""iniciais"": ""AB"", ""cor"": ""avatar-roxo"", ""titulo"": ""Engenheira eletricista"", ""registro"": ""CREA-AM 028114/D"", ""cidade"": ""Manaus"", ""uf"": ""AM"", ""nota"": 4.9, ""avaliacoes"": 31, ""verificado"": true, ""competencias"": [""SPDA"", ""Projeto elétrico"", ""Subestação""]}";100;"[{""rotulo"": ""Área de atuação"", ""peso"": 40, ""pontos"": 40, ""detalhe"": ""Você atua em Elétrica, que é o que a demanda exige.""}, {""rotulo"": ""Acervo confirmado no Crea"", ""peso"": 30, ""pontos"": 30, ""detalhe"": ""5 documentos confirmados na área da demanda (ponto cheio a partir de 3).""}, {""rotulo"": ""Localização"", ""peso"": 15, ""pontos"": 15, ""detalhe"": ""Você atende Manaus, onde fica a obra.""}, {""rotulo"": ""Avaliações recebidas"", ""peso"": 15, ""pontos"": 15, ""detalhe"": ""Média 4,9 em 31 avaliações de contratos registrados.""}]";Tenho acervo em obra semelhante e disponibilidade imediata.;[];recusada;24/09/2026
cand-0006;2026-118;SPDA e aterramento;Daniel Tec;prof-023;"{""nome"": ""Leonardo Almeida Cardoso"", ""iniciais"": ""L"", ""cor"": ""avatar-verde"", ""titulo"": ""Engenheiro ambiental"", ""registro"": ""CREA-AM 023524/D"", ""cidade"": ""Manaus"", ""uf"": ""AM"", ""nota"": 4.9, ""avaliacoes"": 4, ""verificado"": true, ""competencias"": [""Licenciamento"", ""Monitoramento ambiental"", ""Estudos de impacto"", ""PGRS""]}";30;"[{""rotulo"": ""Área de atuação"", ""peso"": 40, ""pontos"": 0, ""detalhe"": ""A demanda exige Elétrica, fora das suas áreas.""}, {""rotulo"": ""Acervo confirmado no Crea"", ""peso"": 30, ""pontos"": 0, ""detalhe"": ""Nenhuma ART ou CAT confirmada nessa área.""}, {""rotulo"": ""Localização"", ""peso"": 15, ""pontos"": 15, ""detalhe"": ""Você atende Manaus, onde fica a obra.""}, {""rotulo"": ""Avaliações recebidas"", ""peso"": 15, ""pontos"": 15, ""detalhe"": ""Média 4,9 em 4 avaliações de contratos registrados.""}]";Tenho interesse e posso visitar o local nesta semana.;[];recusada;24/09/2026
cand-0007;2026-119;Recuperação de área degradada;Daniel Tec;prof-014;"{""nome"": ""Yasmin Ferreira Dias"", ""iniciais"": ""YD"", ""cor"": ""avatar-ambar"", ""titulo"": ""Geóloga"", ""registro"": ""CREA-AM 036977/D"", ""cidade"": ""Manaus"", ""uf"": ""AM"", ""nota"": 0, ""avaliacoes"": 0, ""verificado"": true, ""competencias"": [""Contenções"", ""Hidrogeologia"", ""Licenciamento""]}";75;"[{""rotulo"": ""Área de atuação"", ""peso"": 40, ""pontos"": 40, ""detalhe"": ""Você atua em Ambiental, que é o que a demanda exige.""}, {""rotulo"": ""Acervo confirmado no Crea"", ""peso"": 30, ""pontos"": 20, ""detalhe"": ""2 documentos confirmados na área da demanda (ponto cheio a partir de 3).""}, {""rotulo"": ""Localização"", ""peso"": 15, ""pontos"": 15, ""detalhe"": ""Você atende Manaus, onde fica a obra.""}, {""rotulo"": ""Avaliações recebidas"", ""peso"": 15, ""pontos"": 0, ""detalhe"": ""Ainda sem avaliações na plataforma.""}]";Tenho acervo em obra semelhante e disponibilidade imediata.;[];conversa;20/09/2026
cand-0008;2026-119;Recuperação de área degradada;Daniel Tec;prof-003;"{""nome"": ""Lucas Martins"", ""iniciais"": ""LM"", ""cor"": ""avatar-verde"", ""titulo"": ""Engenheiro ambiental"", ""registro"": ""CREA-AM 034720/D"", ""cidade"": ""Manaus"", ""uf"": ""AM"", ""nota"": 4.6, ""avaliacoes"": 12, ""verificado"": true, ""competencias"": [""Licenciamento"", ""Estudos de impacto""]}";99;"[{""rotulo"": ""Área de atuação"", ""peso"": 40, ""pontos"": 40, ""detalhe"": ""Você atua em Ambiental, que é o que a demanda exige.""}, {""rotulo"": ""Acervo confirmado no Crea"", ""peso"": 30, ""pontos"": 30, ""detalhe"": ""3 documentos confirmados na área da demanda (ponto cheio a partir de 3).""}, {""rotulo"": ""Localização"", ""peso"": 15, ""pontos"": 15, ""detalhe"": ""Você atende Manaus, onde fica a obra.""}, {""rotulo"": ""Avaliações recebidas"", ""peso"": 15, ""pontos"": 14, ""detalhe"": ""Média 4,6 em 12 avaliações de contratos registrados.""}]";Tenho acervo em obra semelhante e disponibilidade imediata.;[];enviada;22/09/2026
cand-0009;2026-119;Recuperação de área degradada;Daniel Tec;prof-023;"{""nome"": ""Leonardo Almeida Cardoso"", ""iniciais"": ""L"", ""cor"": ""avatar-verde"", ""titulo"": ""Engenheiro ambiental"", ""registro"": ""CREA-AM 023524/D"", ""cidade"": ""Manaus"", ""uf"": ""AM"", ""nota"": 4.9, ""avaliacoes"": 4, ""verificado"": true, ""competencias"": [""Licenciamento"", ""Monitoramento ambiental"", ""Estudos de impacto"", ""PGRS""]}";90;"[{""rotulo"": ""Área de atuação"", ""peso"": 40, ""pontos"": 40, ""detalhe"": ""Você atua em Ambiental, que é o que a demanda exige.""}, {""rotulo"": ""Acervo confirmado no Crea"", ""peso"": 30, ""pontos"": 20, ""detalhe"": ""2 documentos confirmados na área da demanda (ponto cheio a partir de 3).""}, {""rotulo"": ""Localização"", ""peso"": 15, ""pontos"": 15, ""detalhe"": ""Você atende Manaus, onde fica a obra.""}, {""rotulo"": ""Avaliações recebidas"", ""peso"": 15, ""pontos"": 15, ""detalhe"": ""Média 4,9 em 4 avaliações de contratos registrados.""}]";Atuo na região e tenho equipe para começar no prazo.;[];enviada;24/09/2026
cand-0010;2026-119;Recuperação de área degradada;Daniel Tec;prof-042;"{""nome"": ""Otávio Castro Silva"", ""iniciais"": ""OS"", ""cor"": ""avatar-ambar"", ""titulo"": ""Engenheiro civil"", ""registro"": ""CREA-AM 030154/D"", ""cidade"": ""Iranduba"", ""uf"": ""AM"", ""nota"": 4.6, ""avaliacoes"": 2, ""verificado"": true, ""competencias"": [""Revit"", ""Compatibilização de projetos"", ""Licenciamento""]}";64;"[{""rotulo"": ""Área de atuação"", ""peso"": 40, ""pontos"": 40, ""detalhe"": ""Você atua em Ambiental, que é o que a demanda exige.""}, {""rotulo"": ""Acervo confirmado no Crea"", ""peso"": 30, ""pontos"": 10, ""detalhe"": ""1 documento confirmado na área da demanda (ponto cheio a partir de 3).""}, {""rotulo"": ""Localização"", ""peso"": 15, ""pontos"": 0, ""detalhe"": ""A obra fica em Manaus, fora da sua região de atendimento.""}, {""rotulo"": ""Avaliações recebidas"", ""peso"": 15, ""pontos"": 14, ""detalhe"": ""Média 4,6 em 2 avaliações de contratos registrados.""}]";Tenho acervo em obra semelhante e disponibilidade imediata.;[];enviada;23/09/2026
cand-0011;2026-119;Recuperação de área degradada;Daniel Tec;prof-056;"{""nome"": ""Igor Souza Moraes"", ""iniciais"": ""IM"", ""cor"": """", ""titulo"": ""Engenheiro civil"", ""registro"": ""CREA-AM 056932/D"", ""cidade"": ""Manaus"", ""uf"": ""AM"", ""nota"": 0, ""avaliacoes"": 0, ""verificado"": true, ""competencias"": [""Modelagem BIM"", ""Planejamento de obra"", ""Orçamento e SINAPI"", ""Revit""]}";15;"[{""rotulo"": ""Área de atuação"", ""peso"": 40, ""pontos"": 0, ""detalhe"": ""A demanda exige Ambiental, fora das suas áreas.""}, {""rotulo"": ""Acervo confirmado no Crea"", ""peso"": 30, ""pontos"": 0, ""detalhe"": ""Nenhuma ART ou CAT confirmada nessa área.""}, {""rotulo"": ""Localização"", ""peso"": 15, ""pontos"": 15, ""detalhe"": ""Você atende Manaus, onde fica a obra.""}, {""rotulo"": ""Avaliações recebidas"", ""peso"": 15, ""pontos"": 0, ""detalhe"": ""Ainda sem avaliações na plataforma.""}]";Tenho acervo em obra semelhante e disponibilidade imediata.;[];visualizada;22/09/2026
cand-0012;2026-120;Laudo de estrutura de concreto;Daniel Tec;prof-012;"{""nome"": ""Henrique Castro Rocha"", ""iniciais"": ""HR"", ""cor"": ""avatar-roxo"", ""titulo"": ""Engenheiro civil"", ""registro"": ""CREA-AM 022190/D"", ""cidade"": ""Manaus"", ""uf"": ""AM"", ""nota"": 4.1, ""avaliacoes"": 2, ""verificado"": true, ""competencias"": [""Fundações profundas"", ""Alvenaria estrutural"", ""Hidrossanitário predial""]}";77;"[{""rotulo"": ""Área de atuação"", ""peso"": 40, ""pontos"": 40, ""detalhe"": ""Você atua em Estrutural, que é o que a demanda exige.""}, {""rotulo"": ""Acervo confirmado no Crea"", ""peso"": 30, ""pontos"": 10, ""detalhe"": ""1 documento confirmado na área da demanda (ponto cheio a partir de 3).""}, {""rotulo"": ""Localização"", ""peso"": 15, ""pontos"": 15, ""detalhe"": ""Você atende Manaus, onde fica a obra.""}, {""rotulo"": ""Avaliações recebidas"", ""peso"": 15, ""pontos"": 12, ""detalhe"": ""Média 4,1 em 2 avaliações de contratos registrados.""}]";Atuo na região e tenho equipe para começar no prazo.;[];enviada;18/09/2026
cand-0013;2026-120;Laudo de estrutura de concreto;Daniel Tec;prof-046;"{""nome"": ""Bruno Ferreira Silva"", ""iniciais"": ""BS"", ""cor"": ""avatar-roxo"", ""titulo"": ""Engenheiro civil"", ""registro"": ""CREA-AM 041325/D"", ""cidade"": ""Itacoatiara"", ""uf"": ""AM"", ""nota"": 4.4, ""avaliacoes"": 24, ""verificado"": true, ""competencias"": [""Concreto armado"", ""Fundações profundas""]}";83;"[{""rotulo"": ""Área de atuação"", ""peso"": 40, ""pontos"": 40, ""detalhe"": ""Você atua em Estrutural, que é o que a demanda exige.""}, {""rotulo"": ""Acervo confirmado no Crea"", ""peso"": 30, ""pontos"": 30, ""detalhe"": ""3 documentos confirmados na área da demanda (ponto cheio a partir de 3).""}, {""rotulo"": ""Localização"", ""peso"": 15, ""pontos"": 0, ""detalhe"": ""A obra fica em Manaus, fora da sua região de atendimento.""}, {""rotulo"": ""Avaliações recebidas"", ""peso"": 15, ""pontos"": 13, ""detalhe"": ""Média 4,4 em 24 avaliações de contratos registrados.""}]";Já trabalhei com esse tipo de serviço em 2025, com ART registrada.;[];visualizada;24/09/2026
cand-0014;2026-120;Laudo de estrutura de concreto;Daniel Tec;prof-057;"{""nome"": ""Ana Tavares Carvalho"", ""iniciais"": ""AC"", ""cor"": ""avatar-ambar"", ""titulo"": ""Engenheira civil"", ""registro"": ""CREA-AM 012371/D"", ""cidade"": ""Manaus"", ""uf"": ""AM"", ""nota"": 3.9, ""avaliacoes"": 15, ""verificado"": true, ""competencias"": [""Cálculo estrutural"", ""Estruturas metálicas""]}";77;"[{""rotulo"": ""Área de atuação"", ""peso"": 40, ""pontos"": 40, ""detalhe"": ""Você atua em Estrutural, que é o que a demanda exige.""}, {""rotulo"": ""Acervo confirmado no Crea"", ""peso"": 30, ""pontos"": 10, ""detalhe"": ""1 documento confirmado na área da demanda (ponto cheio a partir de 3).""}, {""rotulo"": ""Localização"", ""peso"": 15, ""pontos"": 15, ""detalhe"": ""Você atende Manaus, onde fica a obra.""}, {""rotulo"": ""Avaliações recebidas"", ""peso"": 15, ""pontos"": 12, ""detalhe"": ""Média 3,9 em 15 avaliações de contratos registrados.""}]";Atuo na região e tenho equipe para começar no prazo.;[];visualizada;20/09/2026
cand-0015;2026-120;Laudo de estrutura de concreto;Daniel Tec;prof-010;"{""nome"": ""Sérgio Lopes Ribeiro"", ""iniciais"": ""SR"", ""cor"": """", ""titulo"": ""Engenheiro civil"", ""registro"": ""Registro em regularização"", ""cidade"": ""Manacapuru"", ""uf"": ""AM"", ""nota"": 4.9, ""avaliacoes"": 1, ""verificado"": false, ""competencias"": [""Reforço estrutural"", ""Fiscalização de obra""]}";64;"[{""rotulo"": ""Área de atuação"", ""peso"": 40, ""pontos"": 40, ""detalhe"": ""Você atua em Estrutural, que é o que a demanda exige.""}, {""rotulo"": ""Acervo confirmado no Crea"", ""peso"": 30, ""pontos"": 0, ""detalhe"": ""Nenhuma ART ou CAT confirmada nessa área.""}, {""rotulo"": ""Localização"", ""peso"": 15, ""pontos"": 9, ""detalhe"": ""A obra é em Manaus; você declarou atender todo o AM.""}, {""rotulo"": ""Avaliações recebidas"", ""peso"": 15, ""pontos"": 15, ""detalhe"": ""Média 4,9 em 1 avaliações de contratos registrados.""}]";Já trabalhei com esse tipo de serviço em 2025, com ART registrada.;[];recusada;18/09/2026
cand-0016;2026-120;Laudo de estrutura de concreto;Daniel Tec;prof-034;"{""nome"": ""Fábio Soares Teixeira"", ""iniciais"": ""FT"", ""cor"": ""avatar-roxo"", ""titulo"": ""Engenheiro civil"", ""registro"": ""CREA-AM 035754/D"", ""cidade"": ""Manaus"", ""uf"": ""AM"", ""nota"": 4.2, ""avaliacoes"": 9, ""verificado"": true, ""competencias"": [""Fundações profundas"", ""Fiscalização de obra"", ""Cálculo estrutural"", ""Laudos técnicos""]}";98;"[{""rotulo"": ""Área de atuação"", ""peso"": 40, ""pontos"": 40, ""detalhe"": ""Você atua em Estrutural, que é o que a demanda exige.""}, {""rotulo"": ""Acervo confirmado no Crea"", ""peso"": 30, ""pontos"": 30, ""detalhe"": ""4 documentos confirmados na área da demanda (ponto cheio a partir de 3).""}, {""rotulo"": ""Localização"", ""peso"": 15, ""pontos"": 15, ""detalhe"": ""Você atende Manaus, onde fica a obra.""}, {""rotulo"": ""Avaliações recebidas"", ""peso"": 15, ""pontos"": 13, ""detalhe"": ""Média 4,2 em 9 avaliações de contratos registrados.""}]";Tenho acervo em obra semelhante e disponibilidade imediata.;[];conversa;22/09/2026
cand-0017;2026-120;Laudo de estrutura de concreto;Daniel Tec;prof-045;"{""nome"": ""Wagner Barbosa Nascimento"", ""iniciais"": ""WN"", ""cor"": """", ""titulo"": ""Engenheiro civil"", ""registro"": ""CREA-AM 016874/D"", ""cidade"": ""Presidente Figueiredo"", ""uf"": ""AM"", ""nota"": 0, ""avaliacoes"": 0, ""verificado"": true, ""competencias"": [""Alvenaria estrutural"", ""Concreto armado"", ""Licenciamento""]}";70;"[{""rotulo"": ""Área de atuação"", ""peso"": 40, ""pontos"": 40, ""detalhe"": ""Você atua em Estrutural, que é o que a demanda exige.""}, {""rotulo"": ""Acervo confirmado no Crea"", ""peso"": 30, ""pontos"": 30, ""detalhe"": ""3 documentos confirmados na área da demanda (ponto cheio a partir de 3).""}, {""rotulo"": ""Localização"", ""peso"": 15, ""pontos"": 0, ""detalhe"": ""A obra fica em Manaus, fora da sua região de atendimento.""}, {""rotulo"": ""Avaliações recebidas"", ""peso"": 15, ""pontos"": 0, ""detalhe"": ""Ainda sem avaliações na plataforma.""}]";Atuo na região e tenho equipe para começar no prazo.;[];conversa;21/09/2026
cand-0018;2026-120;Laudo de estrutura de concreto;Daniel Tec;prof-053;"{""nome"": ""Pedro Almeida Farias"", ""iniciais"": ""PA"", ""cor"": ""avatar-roxo"", ""titulo"": ""Engenheiro civil"", ""registro"": ""CREA-AM 015860/D"", ""cidade"": ""Humaitá"", ""uf"": ""AM"", ""nota"": 4.4, ""avaliacoes"": 18, ""verificado"": true, ""competencias"": [""Alvenaria estrutural"", ""Fiscalização de obra"", ""Fundações profundas""]}";73;"[{""rotulo"": ""Área de atuação"", ""peso"": 40, ""pontos"": 40, ""detalhe"": ""Você atua em Estrutural, que é o que a demanda exige.""}, {""rotulo"": ""Acervo confirmado no Crea"", ""peso"": 30, ""pontos"": 20, ""detalhe"": ""2 documentos confirmados na área da demanda (ponto cheio a partir de 3).""}, {""rotulo"": ""Localização"", ""peso"": 15, ""pontos"": 0, ""detalhe"": ""A obra fica em Manaus, fora da sua região de atendimento.""}, {""rotulo"": ""Avaliações recebidas"", ""peso"": 15, ""pontos"": 13, ""detalhe"": ""Média 4,4 em 18 avaliações de contratos registrados.""}]";Tenho interesse e posso visitar o local nesta semana.;[];conversa;24/09/2026
cand-0019;2026-120;Laudo de estrutura de concreto;Daniel Tec;prof-040;"{""nome"": ""Paula Barbosa Dias"", ""iniciais"": ""PD"", ""cor"": ""avatar-ambar"", ""titulo"": ""Engenheira ambiental"", ""registro"": ""CREA-RO 025401/D"", ""cidade"": ""Porto Velho"", ""uf"": ""RO"", ""nota"": 4.0, ""avaliacoes"": 31, ""verificado"": true, ""competencias"": [""Licenciamento"", ""PGRS"", ""Outorga de água"", ""Hidrogeologia""]}";12;"[{""rotulo"": ""Área de atuação"", ""peso"": 40, ""pontos"": 0, ""detalhe"": ""A demanda exige Estrutural, fora das suas áreas.""}, {""rotulo"": ""Acervo confirmado no Crea"", ""peso"": 30, ""pontos"": 0, ""detalhe"": ""Nenhuma ART ou CAT confirmada nessa área.""}, {""rotulo"": ""Localização"", ""peso"": 15, ""pontos"": 0, ""detalhe"": ""A obra fica em Manaus, fora da sua região de atendimento.""}, {""rotulo"": ""Avaliações recebidas"", ""peso"": 15, ""pontos"": 12, ""detalhe"": ""Média 4,0 em 31 avaliações de contratos registrados.""}]";Tenho acervo em obra semelhante e disponibilidade imediata.;[];enviada;22/09/2026
cand-0020;2026-121;SPDA e aterramento;Daniel Tec;prof-037;"{""nome"": ""Caio Souza Farias"", ""iniciais"": ""CF"", ""cor"": ""avatar-verde"", ""titulo"": ""Engenheiro eletricista"", ""registro"": ""CREA-AM 030522/D"", ""cidade"": ""Humaitá"", ""uf"": ""AM"", ""nota"": 4.2, ""avaliacoes"": 15, ""verificado"": true, ""competencias"": [""Automação predial"", ""Energia solar fotovoltaica"", ""Eficiência energética"", ""Montagem industrial""]}";83;"[{""rotulo"": ""Área de atuação"", ""peso"": 40, ""pontos"": 40, ""detalhe"": ""Você atua em Elétrica, que é o que a demanda exige.""}, {""rotulo"": ""Acervo confirmado no Crea"", ""peso"": 30, ""pontos"": 30, ""detalhe"": ""4 documentos confirmados na área da demanda (ponto cheio a partir de 3).""}, {""rotulo"": ""Localização"", ""peso"": 15, ""pontos"": 0, ""detalhe"": ""A obra fica em Manaus, fora da sua região de atendimento.""}, {""rotulo"": ""Avaliações recebidas"", ""peso"": 15, ""pontos"": 13, ""detalhe"": ""Média 4,2 em 15 avaliações de contratos registrados.""}]";Atuo na região e tenho equipe para começar no prazo.;[];enviada;19/09/2026
cand-0021;2026-121;SPDA e aterramento;Daniel Tec;prof-015;"{""nome"": ""Isabela Barbosa Oliveira"", ""iniciais"": ""IO"", ""cor"": ""avatar-roxo"", ""titulo"": ""Engenheira eletricista"", ""registro"": ""Registro em regularização"", ""cidade"": ""Boa Vista"", ""uf"": ""RR"", ""nota"": 0, ""avaliacoes"": 0, ""verificado"": false, ""competencias"": [""Subestação"", ""Automação predial"", ""Eficiência energética"", ""Sistemas de combate a incêndio""]}";40;"[{""rotulo"": ""Área de atuação"", ""peso"": 40, ""pontos"": 40, ""detalhe"": ""Você atua em Elétrica, que é o que a demanda exige.""}, {""rotulo"": ""Acervo confirmado no Crea"", ""peso"": 30, ""pontos"": 0, ""detalhe"": ""Nenhuma ART ou CAT confirmada nessa área.""}, {""rotulo"": ""Localização"", ""peso"": 15, ""pontos"": 0, ""detalhe"": ""A obra fica em Manaus, fora da sua região de atendimento.""}, {""rotulo"": ""Avaliações recebidas"", ""peso"": 15, ""pontos"": 0, ""detalhe"": ""Ainda sem avaliações na plataforma.""}]";Tenho acervo em obra semelhante e disponibilidade imediata.;[];visualizada;17/09/2026
cand-0022;2026-121;SPDA e aterramento;Daniel Tec;prof-060;"{""nome"": ""Aline Menezes Cardoso"", ""iniciais"": ""AC"", ""cor"": ""avatar-verde"", ""titulo"": ""Engenheira eletricista"", ""registro"": ""CREA-AM 021355/D"", ""cidade"": ""Manaus"", ""uf"": ""AM"", ""nota"": 4.6, ""avaliacoes"": 15, ""verificado"": true, ""competencias"": [""Automação predial"", ""Projeto elétrico"", ""Subestação""]}";79;"[{""rotulo"": ""Área de atuação"", ""peso"": 40, ""pontos"": 40, ""detalhe"": ""Você atua em Elétrica, que é o que a demanda exige.""}, {""rotulo"": ""Acervo confirmado no Crea"", ""peso"": 30, ""pontos"": 10, ""detalhe"": ""1 documento confirmado na área da demanda (ponto cheio a partir de 3).""}, {""rotulo"": ""Localização"", ""peso"": 15, ""pontos"": 15, ""detalhe"": ""Você atende Manaus, onde fica a obra.""}, {""rotulo"": ""Avaliações recebidas"", ""peso"": 15, ""pontos"": 14, ""detalhe"": ""Média 4,6 em 15 avaliações de contratos registrados.""}]";Tenho acervo em obra semelhante e disponibilidade imediata.;[];enviada;22/09/2026
cand-0023;2026-121;SPDA e aterramento;Daniel Tec;prof-002;"{""nome"": ""Ana Beatriz Farias"", ""iniciais"": ""AB"", ""cor"": ""avatar-roxo"", ""titulo"": ""Engenheira eletricista"", ""registro"": ""CREA-AM 028114/D"", ""cidade"": ""Manaus"", ""uf"": ""AM"", ""nota"": 4.9, ""avaliacoes"": 31, ""verificado"": true, ""competencias"": [""SPDA"", ""Projeto elétrico"", ""Subestação""]}";100;"[{""rotulo"": ""Área de atuação"", ""peso"": 40, ""pontos"": 40, ""detalhe"": ""Você atua em Elétrica, que é o que a demanda exige.""}, {""rotulo"": ""Acervo confirmado no Crea"", ""peso"": 30, ""pontos"": 30, ""detalhe"": ""5 documentos confirmados na área da demanda (ponto cheio a partir de 3).""}, {""rotulo"": ""Localização"", ""peso"": 15, ""pontos"": 15, ""detalhe"": ""Você atende Manaus, onde fica a obra.""}, {""rotulo"": ""Avaliações recebidas"", ""peso"": 15, ""pontos"": 15, ""detalhe"": ""Média 4,9 em 31 avaliações de contratos registrados.""}]";Tenho acervo em obra semelhante e disponibilidade imediata.;[];visualizada;20/09/2026
cand-0024;2026-121;SPDA e aterramento;Daniel Tec;prof-024;"{""nome"": ""Fábio Vieira Ferreira"", ""iniciais"": ""FF"", ""cor"": ""avatar-ambar"", ""titulo"": ""Engenheiro eletricista"", ""registro"": ""CREA-AM 030836/D"", ""cidade"": ""Manaus"", ""uf"": ""AM"", ""nota"": 4.3, ""avaliacoes"": 24, ""verificado"": true, ""competencias"": [""Eficiência energética"", ""Projeto elétrico"", ""Laudo de instalações elétricas"", ""Hidrogeologia""]}";98;"[{""rotulo"": ""Área de atuação"", ""peso"": 40, ""pontos"": 40, ""detalhe"": ""Você atua em Elétrica, que é o que a demanda exige.""}, {""rotulo"": ""Acervo confirmado no Crea"", ""peso"": 30, ""pontos"": 30, ""detalhe"": ""6 documentos confirmados na área da demanda (ponto cheio a partir de 3).""}, {""rotulo"": ""Localização"", ""peso"": 15, ""pontos"": 15, ""detalhe"": ""Você atende Manaus, onde fica a obra.""}, {""rotulo"": ""Avaliações recebidas"", ""peso"": 15, ""pontos"": 13, ""detalhe"": ""Média 4,3 em 24 avaliações de contratos registrados.""}]";Atuo na região e tenho equipe para começar no prazo.;[];visualizada;20/09/2026
cand-0025;2026-121;SPDA e aterramento;Daniel Tec;prof-043;"{""nome"": ""Marcelo Castro Santana"", ""iniciais"": ""MS"", ""cor"": ""avatar-ambar"", ""titulo"": ""Engenheiro eletricista"", ""registro"": ""CREA-RO 043895/D"", ""cidade"": ""Porto Velho"", ""uf"": ""RO"", ""nota"": 4.3, ""avaliacoes"": 2, ""verificado"": true, ""competencias"": [""Laudo de instalações elétricas"", ""Subestação"", ""SPDA"", ""Automação predial""]}";83;"[{""rotulo"": ""Área de atuação"", ""peso"": 40, ""pontos"": 40, ""detalhe"": ""Você atua em Elétrica, que é o que a demanda exige.""}, {""rotulo"": ""Acervo confirmado no Crea"", ""peso"": 30, ""pontos"": 30, ""detalhe"": ""4 documentos confirmados na área da demanda (ponto cheio a partir de 3).""}, {""rotulo"": ""Localização"", ""peso"": 15, ""pontos"": 0, ""detalhe"": ""A obra fica em Manaus, fora da sua região de atendimento.""}, {""rotulo"": ""Avaliações recebidas"", ""peso"": 15, ""pontos"": 13, ""detalhe"": ""Média 4,3 em 2 avaliações de contratos registrados.""}]";Tenho interesse e posso visitar o local nesta semana.;[];recusada;17/09/2026
cand-0026;2026-121;SPDA e aterramento;Daniel Tec;prof-003;"{""nome"": ""Lucas Martins"", ""iniciais"": ""LM"", ""cor"": ""avatar-verde"", ""titulo"": ""Engenheiro ambiental"", ""registro"": ""CREA-AM 034720/D"", ""cidade"": ""Manaus"", ""uf"": ""AM"", ""nota"": 4.6, ""avaliacoes"": 12, ""verificado"": true, ""competencias"": [""Licenciamento"", ""Estudos de impacto""]}";29;"[{""rotulo"": ""Área de atuação"", ""peso"": 40, ""pontos"": 0, ""detalhe"": ""A demanda exige Elétrica, fora das suas áreas.""}, {""rotulo"": ""Acervo confirmado no Crea"", ""peso"": 30, ""pontos"": 0, ""detalhe"": ""Nenhuma ART ou CAT confirmada nessa área.""}, {""rotulo"": ""Localização"", ""peso"": 15, ""pontos"": 15, ""detalhe"": ""Você atende Manaus, onde fica a obra.""}, {""rotulo"": ""Avaliações recebidas"", ""peso"": 15, ""pontos"": 14, ""detalhe"": ""Média 4,6 em 12 avaliações de contratos registrados.""}]";Atuo na região e tenho equipe para começar no prazo.;[];enviada;17/09/2026
cand-0027;2026-122;Inspeção de vasos de pressão;Daniel Tec;prof-004;"{""nome"": ""Rafael Souza"", ""iniciais"": ""RS"", ""cor"": ""avatar-ambar"", ""titulo"": ""Engenheiro mecânico"", ""registro"": ""Registro em regularização"", ""cidade"": ""Manaus"", ""uf"": ""AM"", ""nota"": 4.2, ""avaliacoes"": 5, ""verificado"": false, ""competencias"": [""Tubulação"", ""Montagem industrial""]}";78;"[{""rotulo"": ""Área de atuação"", ""peso"": 40, ""pontos"": 40, ""detalhe"": ""Você atua em Mecânica, que é o que a demanda exige.""}, {""rotulo"": ""Acervo confirmado no Crea"", ""peso"": 30, ""pontos"": 10, ""detalhe"": ""1 documento confirmado na área da demanda (ponto cheio a partir de 3).""}, {""rotulo"": ""Localização"", ""peso"": 15, ""pontos"": 15, ""detalhe"": ""Você atende Manaus, onde fica a obra.""}, {""rotulo"": ""Avaliações recebidas"", ""peso"": 15, ""pontos"": 13, ""detalhe"": ""Média 4,2 em 5 avaliações de contratos registrados.""}]";;[];enviada;23/09/2026
cand-0028;2026-122;Inspeção de vasos de pressão;Daniel Tec;prof-016;"{""nome"": ""Sabrina Santos Farias"", ""iniciais"": ""SF"", ""cor"": """", ""titulo"": ""Engenheira mecânica"", ""registro"": ""CREA-AM 020624/D"", ""cidade"": ""Manaus"", ""uf"": ""AM"", ""nota"": 0, ""avaliacoes"": 0, ""verificado"": true, ""competencias"": [""Vasos de pressão (NR-13)"", ""Tubulação industrial"", ""Climatização"", ""Sistemas de combate a incêndio""]}";85;"[{""rotulo"": ""Área de atuação"", ""peso"": 40, ""pontos"": 40, ""detalhe"": ""Você atua em Mecânica, que é o que a demanda exige.""}, {""rotulo"": ""Acervo confirmado no Crea"", ""peso"": 30, ""pontos"": 30, ""detalhe"": ""3 documentos confirmados na área da demanda (ponto cheio a partir de 3).""}, {""rotulo"": ""Localização"", ""peso"": 15, ""pontos"": 15, ""detalhe"": ""Você atende Manaus, onde fica a obra.""}, {""rotulo"": ""Avaliações recebidas"", ""peso"": 15, ""pontos"": 0, ""detalhe"": ""Ainda sem avaliações na plataforma.""}]";Já trabalhei com esse tipo de serviço em 2025, com ART registrada.;[];visualizada;23/09/2026
cand-0029;2026-122;Inspeção de vasos de pressão;Daniel Tec;prof-027;"{""nome"": ""Pedro Santana Freitas"", ""iniciais"": ""PF"", ""cor"": ""avatar-roxo"", ""titulo"": ""Engenheiro mecânico"", ""registro"": ""CREA-AM 053360/D"", ""cidade"": ""Manaus"", ""uf"": ""AM"", ""nota"": 4.2, ""avaliacoes"": 2, ""verificado"": true, ""competencias"": [""Montagem industrial"", ""Sistemas de combate a incêndio"", ""Estabilidade de taludes""]}";78;"[{""rotulo"": ""Área de atuação"", ""peso"": 40, ""pontos"": 40, ""detalhe"": ""Você atua em Mecânica, que é o que a demanda exige.""}, {""rotulo"": ""Acervo confirmado no Crea"", ""peso"": 30, ""pontos"": 10, ""detalhe"": ""1 documento confirmado na área da demanda (ponto cheio a partir de 3).""}, {""rotulo"": ""Localização"", ""peso"": 15, ""pontos"": 15, ""detalhe"": ""Você atende Manaus, onde fica a obra.""}, {""rotulo"": ""Avaliações recebidas"", ""peso"": 15, ""pontos"": 13, ""detalhe"": ""Média 4,2 em 2 avaliações de contratos registrados.""}]";Tenho interesse e posso visitar o local nesta semana.;[];recusada;17/09/2026
cand-0030;2026-122;Inspeção de vasos de pressão;Daniel Tec;prof-031;"{""nome"": ""Carlos Vieira Farias"", ""iniciais"": ""CF"", ""cor"": ""avatar-roxo"", ""titulo"": ""Engenheiro mecânico"", ""registro"": ""Registro em regularização"", ""cidade"": ""Itacoatiara"", ""uf"": ""AM"", ""nota"": 0, ""avaliacoes"": 0, ""verificado"": false, ""competencias"": [""Vasos de pressão (NR-13)"", ""Montagem industrial""]}";49;"[{""rotulo"": ""Área de atuação"", ""peso"": 40, ""pontos"": 40, ""detalhe"": ""Você atua em Mecânica, que é o que a demanda exige.""}, {""rotulo"": ""Acervo confirmado no Crea"", ""peso"": 30, ""pontos"": 0, ""detalhe"": ""Nenhuma ART ou CAT confirmada nessa área.""}, {""rotulo"": ""Localização"", ""peso"": 15, ""pontos"": 9, ""detalhe"": ""A obra é em Manaus; você declarou atender todo o AM.""}, {""rotulo"": ""Avaliações recebidas"", ""peso"": 15, ""pontos"": 0, ""detalhe"": ""Ainda sem avaliações na plataforma.""}]";;[];recusada;14/09/2026
cand-0031;2026-122;Inspeção de vasos de pressão;Daniel Tec;prof-028;"{""nome"": ""Otávio Santos Soares"", ""iniciais"": ""OS"", ""cor"": ""avatar-ambar"", ""titulo"": ""Engenheiro mecânico"", ""registro"": ""CREA-AM 051567/D"", ""cidade"": ""Itacoatiara"", ""uf"": ""AM"", ""nota"": 4.9, ""avaliacoes"": 31, ""verificado"": true, ""competencias"": [""Climatização"", ""Manutenção industrial"", ""Tubulação industrial""]}";85;"[{""rotulo"": ""Área de atuação"", ""peso"": 40, ""pontos"": 40, ""detalhe"": ""Você atua em Mecânica, que é o que a demanda exige.""}, {""rotulo"": ""Acervo confirmado no Crea"", ""peso"": 30, ""pontos"": 30, ""detalhe"": ""4 documentos confirmados na área da demanda (ponto cheio a partir de 3).""}, {""rotulo"": ""Localização"", ""peso"": 15, ""pontos"": 0, ""detalhe"": ""A obra fica em Manaus, fora da sua região de atendimento.""}, {""rotulo"": ""Avaliações recebidas"", ""peso"": 15, ""pontos"": 15, ""detalhe"": ""Média 4,9 em 31 avaliações de contratos registrados.""}]";Já trabalhei com esse tipo de serviço em 2025, com ART registrada.;[];recusada;22/09/2026
cand-0032;2026-122;Inspeção de vasos de pressão;Daniel Tec;prof-036;"{""nome"": ""Aline Pinheiro Teixeira"", ""iniciais"": ""AT"", ""cor"": ""avatar-roxo"", ""titulo"": ""Engenheira mecânica"", ""registro"": ""CREA-RR 025902/D"", ""cidade"": ""Boa Vista"", ""uf"": ""RR"", ""nota"": 0, ""avaliacoes"": 0, ""verificado"": true, ""competencias"": [""Sistemas de combate a incêndio"", ""Tubulação industrial"", ""Montagem industrial"", ""Sistemas agroflorestais""]}";70;"[{""rotulo"": ""Área de atuação"", ""peso"": 40, ""pontos"": 40, ""detalhe"": ""Você atua em Mecânica, que é o que a demanda exige.""}, {""rotulo"": ""Acervo confirmado no Crea"", ""peso"": 30, ""pontos"": 30, ""detalhe"": ""3 documentos confirmados na área da demanda (ponto cheio a partir de 3).""}, {""rotulo"": ""Localização"", ""peso"": 15, ""pontos"": 0, ""detalhe"": ""A obra fica em Manaus, fora da sua região de atendimento.""}, {""rotulo"": ""Avaliações recebidas"", ""peso"": 15, ""pontos"": 0, ""detalhe"": ""Ainda sem avaliações na plataforma.""}]";Tenho acervo em obra semelhante e disponibilidade imediata.;[];visualizada;12/09/2026
cand-0033;2026-122;Inspeção de vasos de pressão;Daniel Tec;prof-054;"{""nome"": ""Wagner Tavares Monteiro"", ""iniciais"": ""WM"", ""cor"": ""avatar-ambar"", ""titulo"": ""Engenheiro mecânico"", ""registro"": ""CREA-AM 058807/D"", ""cidade"": ""Manaus"", ""uf"": ""AM"", ""nota"": 4.5, ""avaliacoes"": 18, ""verificado"": true, ""competencias"": [""Vasos de pressão (NR-13)"", ""Climatização"", ""Montagem industrial""]}";99;"[{""rotulo"": ""Área de atuação"", ""peso"": 40, ""pontos"": 40, ""detalhe"": ""Você atua em Mecânica, que é o que a demanda exige.""}, {""rotulo"": ""Acervo confirmado no Crea"", ""peso"": 30, ""pontos"": 30, ""detalhe"": ""6 documentos confirmados na área da demanda (ponto cheio a partir de 3).""}, {""rotulo"": ""Localização"", ""peso"": 15, ""pontos"": 15, ""detalhe"": ""Você atende Manaus, onde fica a obra.""}, {""rotulo"": ""Avaliações recebidas"", ""peso"": 15, ""pontos"": 14, ""detalhe"": ""Média 4,5 em 18 avaliações de contratos registrados.""}]";Já trabalhei com esse tipo de serviço em 2025, com ART registrada.;[];conversa;11/09/2026
cand-0034;2026-122;Inspeção de vasos de pressão;Daniel Tec;prof-007;"{""nome"": ""Fábio Oliveira Barbosa"", ""iniciais"": ""FB"", ""cor"": ""avatar-ambar"", ""titulo"": ""Engenheiro mecânico"", ""registro"": ""CREA-AM 045758/D"", ""cidade"": ""Manaus"", ""uf"": ""AM"", ""nota"": 4.7, ""avaliacoes"": 15, ""verificado"": true, ""competencias"": [""Sistemas de combate a incêndio"", ""Montagem industrial"", ""Monitoramento ambiental""]}";99;"[{""rotulo"": ""Área de atuação"", ""peso"": 40, ""pontos"": 40, ""detalhe"": ""Você atua em Mecânica, que é o que a demanda exige.""}, {""rotulo"": ""Acervo confirmado no Crea"", ""peso"": 30, ""pontos"": 30, ""detalhe"": ""5 documentos confirmados na área da demanda (ponto cheio a partir de 3).""}, {""rotulo"": ""Localização"", ""peso"": 15, ""pontos"": 15, ""detalhe"": ""Você atende Manaus, onde fica a obra.""}, {""rotulo"": ""Avaliações recebidas"", ""peso"": 15, ""pontos"": 14, ""detalhe"": ""Média 4,7 em 15 avaliações de contratos registrados.""}]";;[];recusada;24/09/2026
cand-0035;2026-122;Inspeção de vasos de pressão;Daniel Tec;prof-026;"{""nome"": ""Sérgio Martins Moraes"", ""iniciais"": ""SM"", ""cor"": ""avatar-verde"", ""titulo"": ""Engenheiro civil"", ""registro"": ""CREA-AM 029703/D"", ""cidade"": ""Parintins"", ""uf"": ""AM"", ""nota"": 0, ""avaliacoes"": 0, ""verificado"": true, ""competencias"": [""Compatibilização de projetos"", ""Orçamento e SINAPI"", ""Revit"", ""Planejamento de obra"", ""Manutenção industrial""]}";49;"[{""rotulo"": ""Área de atuação"", ""peso"": 40, ""pontos"": 40, ""detalhe"": ""Você atua em Mecânica, que é o que a demanda exige.""}, {""rotulo"": ""Acervo confirmado no Crea"", ""peso"": 30, ""pontos"": 0, ""detalhe"": ""Nenhuma ART ou CAT confirmada nessa área.""}, {""rotulo"": ""Localização"", ""peso"": 15, ""pontos"": 9, ""detalhe"": ""A obra é em Manaus; você declarou atender todo o AM.""}, {""rotulo"": ""Avaliações recebidas"", ""peso"": 15, ""pontos"": 0, ""detalhe"": ""Ainda sem avaliações na plataforma.""}]";Tenho interesse e posso visitar o local nesta semana.;[];conversa;14/09/2026
cand-0036;2026-122;Inspeção de vasos de pressão;Daniel Tec;prof-030;"{""nome"": ""Leonardo Monteiro Costa"", ""iniciais"": ""LC"", ""cor"": ""avatar-ambar"", ""titulo"": ""Engenheiro civil"", ""registro"": ""CREA-AM 045046/D"", ""cidade"": ""Maués"", ""uf"": ""AM"", ""nota"": 4.0, ""avaliacoes"": 12, ""verificado"": true, ""competencias"": [""Modelagem BIM"", ""Planejamento de obra""]}";12;"[{""rotulo"": ""Área de atuação"", ""peso"": 40, ""pontos"": 0, ""detalhe"": ""A demanda exige Mecânica, fora das suas áreas.""}, {""rotulo"": ""Acervo confirmado no Crea"", ""peso"": 30, ""pontos"": 0, ""detalhe"": ""Nenhuma ART ou CAT confirmada nessa área.""}, {""rotulo"": ""Localização"", ""peso"": 15, ""pontos"": 0, ""detalhe"": ""A obra fica em Manaus, fora da sua região de atendimento.""}, {""rotulo"": ""Avaliações recebidas"", ""peso"": 15, ""pontos"": 12, ""detalhe"": ""Média 4,0 em 12 avaliações de contratos registrados.""}]";;[];enviada;16/09/2026
cand-0037;2026-123;Laudo de estrutura de concreto;Daniel Tec;prof-057;"{""nome"": ""Ana Tavares Carvalho"", ""iniciais"": ""AC"", ""cor"": ""avatar-ambar"", ""titulo"": ""Engenheira civil"", ""registro"": ""CREA-AM 012371/D"", ""cidade"": ""Manaus"", ""uf"": ""AM"", ""nota"": 3.9, ""avaliacoes"": 15, ""verificado"": true, ""competencias"": [""Cálculo estrutural"", ""Estruturas metálicas""]}";77;"[{""rotulo"": ""Área de atuação"", ""peso"": 40, ""pontos"": 40, ""detalhe"": ""Você atua em Estrutural, que é o que a demanda exige.""}, {""rotulo"": ""Acervo confirmado no Crea"", ""peso"": 30, ""pontos"": 10, ""detalhe"": ""1 documento confirmado na área da demanda (ponto cheio a partir de 3).""}, {""rotulo"": ""Localização"", ""peso"": 15, ""pontos"": 15, ""detalhe"": ""Você atende Manaus, onde fica a obra.""}, {""rotulo"": ""Avaliações recebidas"", ""peso"": 15, ""pontos"": 12, ""detalhe"": ""Média 3,9 em 15 avaliações de contratos registrados.""}]";Tenho interesse e posso visitar o local nesta semana.;[];visualizada;22/09/2026
cand-0038;2026-123;Laudo de estrutura de concreto;Daniel Tec;prof-034;"{""nome"": ""Fábio Soares Teixeira"", ""iniciais"": ""FT"", ""cor"": ""avatar-roxo"", ""titulo"": ""Engenheiro civil"", ""registro"": ""CREA-AM 035754/D"", ""cidade"": ""Manaus"", ""uf"": ""AM"", ""nota"": 4.2, ""avaliacoes"": 9, ""verificado"": true, ""competencias"": [""Fundações profundas"", ""Fiscalização de obra"", ""Cálculo estrutural"", ""Laudos técnicos""]}";98;"[{""rotulo"": ""Área de atuação"", ""peso"": 40, ""pontos"": 40, ""detalhe"": ""Você atua em Estrutural, que é o que a demanda exige.""}, {""rotulo"": ""Acervo confirmado no Crea"", ""peso"": 30, ""pontos"": 30, ""detalhe"": ""4 documentos confirmados na área da demanda (ponto cheio a partir de 3).""}, {""rotulo"": ""Localização"", ""peso"": 15, ""pontos"": 15, ""detalhe"": ""Você atende Manaus, onde fica a obra.""}, {""rotulo"": ""Avaliações recebidas"", ""peso"": 15, ""pontos"": 13, ""detalhe"": ""Média 4,2 em 9 avaliações de contratos registrados.""}]";Tenho acervo em obra semelhante e disponibilidade imediata.;[];conversa;22/09/2026
cand-0039;2026-123;Laudo de estrutura de concreto;Daniel Tec;prof-046;"{""nome"": ""Bruno Ferreira Silva"", ""iniciais"": ""BS"", ""cor"": ""avatar-roxo"", ""titulo"": ""Engenheiro civil"", ""registro"": ""CREA-AM 041325/D"", ""cidade"": ""Itacoatiara"", ""uf"": ""AM"", ""nota"": 4.4, ""avaliacoes"": 24, ""verificado"": true, ""competencias"": [""Concreto armado"", ""Fundações profundas""]}";83;"[{""rotulo"": ""Área de atuação"", ""peso"": 40, ""pontos"": 40, ""detalhe"": ""Você atua em Estrutural, que é o que a demanda exige.""}, {""rotulo"": ""Acervo confirmado no Crea"", ""peso"": 30, ""pontos"": 30, ""detalhe"": ""3 documentos confirmados na área da demanda (ponto cheio a partir de 3).""}, {""rotulo"": ""Localização"", ""peso"": 15, ""pontos"": 0, ""detalhe"": ""A obra fica em Manaus, fora da sua região de atendimento.""}, {""rotulo"": ""Avaliações recebidas"", ""peso"": 15, ""pontos"": 13, ""detalhe"": ""Média 4,4 em 24 avaliações de contratos registrados.""}]";Tenho interesse e posso visitar o local nesta semana.;[];conversa;13/09/2026
cand-0040;2026-123;Laudo de estrutura de concreto;Daniel Tec;prof-045;"{""nome"": ""Wagner Barbosa Nascimento"", ""iniciais"": ""WN"", ""cor"": """", ""titulo"": ""Engenheiro civil"", ""registro"": ""CREA-AM 016874/D"", ""cidade"": ""Presidente Figueiredo"", ""uf"": ""AM"", ""nota"": 0, ""avaliacoes"": 0, ""verificado"": true, ""competencias"": [""Alvenaria estrutural"", ""Concreto armado"", ""Licenciamento""]}";70;"[{""rotulo"": ""Área de atuação"", ""peso"": 40, ""pontos"": 40, ""detalhe"": ""Você atua em Estrutural, que é o que a demanda exige.""}, {""rotulo"": ""Acervo confirmado no Crea"", ""peso"": 30, ""pontos"": 30, ""detalhe"": ""3 documentos confirmados na área da demanda (ponto cheio a partir de 3).""}, {""rotulo"": ""Localização"", ""peso"": 15, ""pontos"": 0, ""detalhe"": ""A obra fica em Manaus, fora da sua região de atendimento.""}, {""rotulo"": ""Avaliações recebidas"", ""peso"": 15, ""pontos"": 0, ""detalhe"": ""Ainda sem avaliações na plataforma.""}]";Tenho acervo em obra semelhante e disponibilidade imediata.;[];enviada;03/09/2026
cand-0041;2026-123;Laudo de estrutura de concreto;Daniel Tec;prof-053;"{""nome"": ""Pedro Almeida Farias"", ""iniciais"": ""PA"", ""cor"": ""avatar-roxo"", ""titulo"": ""Engenheiro civil"", ""registro"": ""CREA-AM 015860/D"", ""cidade"": ""Humaitá"", ""uf"": ""AM"", ""nota"": 4.4, ""avaliacoes"": 18, ""verificado"": true, ""competencias"": [""Alvenaria estrutural"", ""Fiscalização de obra"", ""Fundações profundas""]}";73;"[{""rotulo"": ""Área de atuação"", ""peso"": 40, ""pontos"": 40, ""detalhe"": ""Você atua em Estrutural, que é o que a demanda exige.""}, {""rotulo"": ""Acervo confirmado no Crea"", ""peso"": 30, ""pontos"": 20, ""detalhe"": ""2 documentos confirmados na área da demanda (ponto cheio a partir de 3).""}, {""rotulo"": ""Localização"", ""peso"": 15, ""pontos"": 0, ""detalhe"": ""A obra fica em Manaus, fora da sua região de atendimento.""}, {""rotulo"": ""Avaliações recebidas"", ""peso"": 15, ""pontos"": 13, ""detalhe"": ""Média 4,4 em 18 avaliações de contratos registrados.""}]";Atuo na região e tenho equipe para começar no prazo.;[];visualizada;16/09/2026
cand-0042;2026-123;Laudo de estrutura de concreto;Daniel Tec;prof-010;"{""nome"": ""Sérgio Lopes Ribeiro"", ""iniciais"": ""SR"", ""cor"": """", ""titulo"": ""Engenheiro civil"", ""registro"": ""Registro em regularização"", ""cidade"": ""Manacapuru"", ""uf"": ""AM"", ""nota"": 4.9, ""avaliacoes"": 1, ""verificado"": false, ""competencias"": [""Reforço estrutural"", ""Fiscalização de obra""]}";64;"[{""rotulo"": ""Área de atuação"", ""peso"": 40, ""pontos"": 40, ""detalhe"": ""Você atua em Estrutural, que é o que a demanda exige.""}, {""rotulo"": ""Acervo confirmado no Crea"", ""peso"": 30, ""pontos"": 0, ""detalhe"": ""Nenhuma ART ou CAT confirmada nessa área.""}, {""rotulo"": ""Localização"", ""peso"": 15, ""pontos"": 9, ""detalhe"": ""A obra é em Manaus; você declarou atender todo o AM.""}, {""rotulo"": ""Avaliações recebidas"", ""peso"": 15, ""pontos"": 15, ""detalhe"": ""Média 4,9 em 1 avaliações de contratos registrados.""}]";Tenho interesse e posso visitar o local nesta semana.;[];visualizada;20/09/2026
cand-0043;2026-123;Laudo de estrutura de concreto;Daniel Tec;prof-012;"{""nome"": ""Henrique Castro Rocha"", ""iniciais"": ""HR"", ""cor"": ""avatar-roxo"", ""titulo"": ""Engenheiro civil"", ""registro"": ""CREA-AM 022190/D"", ""cidade"": ""Manaus"", ""uf"": ""AM"", ""nota"": 4.1, ""avaliacoes"": 2, ""verificado"": true, ""competencias"": [""Fundações profundas"", ""Alvenaria estrutural"", ""Hidrossanitário predial""]}";77;"[{""rotulo"": ""Área de atuação"", ""peso"": 40, ""pontos"": 40, ""detalhe"": ""Você atua em Estrutural, que é o que a demanda exige.""}, {""rotulo"": ""Acervo confirmado no Crea"", ""peso"": 30, ""pontos"": 10, ""detalhe"": ""1 documento confirmado na área da demanda (ponto cheio a partir de 3).""}, {""rotulo"": ""Localização"", ""peso"": 15, ""pontos"": 15, ""detalhe"": ""Você atende Manaus, onde fica a obra.""}, {""rotulo"": ""Avaliações recebidas"", ""peso"": 15, ""pontos"": 12, ""detalhe"": ""Média 4,1 em 2 avaliações de contratos registrados.""}]";Atuo na região e tenho equipe para começar no prazo.;[];conversa;20/09/2026
cand-0044;2026-123;Laudo de estrutura de concreto;Daniel Tec;prof-033;"{""nome"": ""Sérgio Farias Ramos"", ""iniciais"": ""SR"", ""cor"": """", ""titulo"": ""Engenheiro ambiental"", ""registro"": ""CREA-AM 039320/D"", ""cidade"": ""Maués"", ""uf"": ""AM"", ""nota"": 0, ""avaliacoes"": 0, ""verificado"": true, ""competencias"": [""Monitoramento ambiental"", ""Recuperação de áreas degradadas""]}";0;"[{""rotulo"": ""Área de atuação"", ""peso"": 40, ""pontos"": 0, ""detalhe"": ""A demanda exige Estrutural, fora das suas áreas.""}, {""rotulo"": ""Acervo confirmado no Crea"", ""peso"": 30, ""pontos"": 0, ""detalhe"": ""Nenhuma ART ou CAT confirmada nessa área.""}, {""rotulo"": ""Localização"", ""peso"": 15, ""pontos"": 0, ""detalhe"": ""A obra fica em Manaus, fora da sua região de atendimento.""}, {""rotulo"": ""Avaliações recebidas"", ""peso"": 15, ""pontos"": 0, ""detalhe"": ""Ainda sem avaliações na plataforma.""}]";;[];visualizada;15/09/2026
cand-0045;2026-125;Usina solar fotovoltaica;TechSolut Engenharia;prof-024;"{""nome"": ""Fábio Vieira Ferreira"", ""iniciais"": ""FF"", ""cor"": ""avatar-ambar"", ""titulo"": ""Engenheiro eletricista"", ""registro"": ""CREA-AM 030836/D"", ""cidade"": ""Manaus"", ""uf"": ""AM"", ""nota"": 4.3, ""avaliacoes"": 24, ""verificado"": true, ""competencias"": [""Eficiência energética"", ""Projeto elétrico"", ""Laudo de instalações elétricas"", ""Hidrogeologia""]}";98;"[{""rotulo"": ""Área de atuação"", ""peso"": 40, ""pontos"": 40, ""detalhe"": ""Você atua em Elétrica, que é o que a demanda exige.""}, {""rotulo"": ""Acervo confirmado no Crea"", ""peso"": 30, ""pontos"": 30, ""detalhe"": ""6 documentos confirmados na área da demanda (ponto cheio a partir de 3).""}, {""rotulo"": ""Localização"", ""peso"": 15, ""pontos"": 15, ""detalhe"": ""Você atende Manaus, onde fica a obra.""}, {""rotulo"": ""Avaliações recebidas"", ""peso"": 15, ""pontos"": 13, ""detalhe"": ""Média 4,3 em 24 avaliações de contratos registrados.""}]";Tenho interesse e posso visitar o local nesta semana.;[];conversa;20/09/2026
cand-0046;2026-125;Usina solar fotovoltaica;TechSolut Engenharia;prof-032;"{""nome"": ""Leonardo Santana Cardoso"", ""iniciais"": ""LC"", ""cor"": """", ""titulo"": ""Engenheiro civil"", ""registro"": ""CREA-AM 048033/D"", ""cidade"": ""Tefé"", ""uf"": ""AM"", ""nota"": 4.8, ""avaliacoes"": 12, ""verificado"": true, ""competencias"": [""Compatibilização de projetos"", ""Revit"", ""Planejamento de obra"", ""Laudo de instalações elétricas""]}";74;"[{""rotulo"": ""Área de atuação"", ""peso"": 40, ""pontos"": 40, ""detalhe"": ""Você atua em Elétrica, que é o que a demanda exige.""}, {""rotulo"": ""Acervo confirmado no Crea"", ""peso"": 30, ""pontos"": 20, ""detalhe"": ""2 documentos confirmados na área da demanda (ponto cheio a partir de 3).""}, {""rotulo"": ""Localização"", ""peso"": 15, ""pontos"": 0, ""detalhe"": ""A obra fica em Manaus, fora da sua região de atendimento.""}, {""rotulo"": ""Avaliações recebidas"", ""peso"": 15, ""pontos"": 14, ""detalhe"": ""Média 4,8 em 12 avaliações de contratos registrados.""}]";Tenho interesse e posso visitar o local nesta semana.;[];enviada;16/09/2026
cand-0047;2026-125;Usina solar fotovoltaica;TechSolut Engenharia;prof-058;"{""nome"": ""Fábio Vieira Dias"", ""iniciais"": ""FD"", ""cor"": ""avatar-ambar"", ""titulo"": ""Engenheiro agrônomo"", ""registro"": ""Registro em regularização"", ""cidade"": ""Manacapuru"", ""uf"": ""AM"", ""nota"": 0, ""avaliacoes"": 0, ""verificado"": false, ""competencias"": [""Receituário agronômico"", ""Georreferenciamento rural""]}";49;"[{""rotulo"": ""Área de atuação"", ""peso"": 40, ""pontos"": 40, ""detalhe"": ""Você atua em Agronomia, que é o que a demanda exige.""}, {""rotulo"": ""Acervo confirmado no Crea"", ""peso"": 30, ""pontos"": 0, ""detalhe"": ""Nenhuma ART ou CAT confirmada nessa área.""}, {""rotulo"": ""Localização"", ""peso"": 15, ""pontos"": 9, ""detalhe"": ""A obra é em Manaus; você declarou atender todo o AM.""}, {""rotulo"": ""Avaliações recebidas"", ""peso"": 15, ""pontos"": 0, ""detalhe"": ""Ainda sem avaliações na plataforma.""}]";Tenho interesse e posso visitar o local nesta semana.;[];enviada;21/09/2026
cand-0048;2026-125;Usina solar fotovoltaica;TechSolut Engenharia;prof-014;"{""nome"": ""Yasmin Ferreira Dias"", ""iniciais"": ""YD"", ""cor"": ""avatar-ambar"", ""titulo"": ""Geóloga"", ""registro"": ""CREA-AM 036977/D"", ""cidade"": ""Manaus"", ""uf"": ""AM"", ""nota"": 0, ""avaliacoes"": 0, ""verificado"": true, ""competencias"": [""Contenções"", ""Hidrogeologia"", ""Licenciamento""]}";15;"[{""rotulo"": ""Área de atuação"", ""peso"": 40, ""pontos"": 0, ""detalhe"": ""A demanda exige Elétrica ou Agronomia, fora das suas áreas.""}, {""rotulo"": ""Acervo confirmado no Crea"", ""peso"": 30, ""pontos"": 0, ""detalhe"": ""Nenhuma ART ou CAT confirmada nessa área.""}, {""rotulo"": ""Localização"", ""peso"": 15, ""pontos"": 15, ""detalhe"": ""Você atende Manaus, onde fica a obra.""}, {""rotulo"": ""Avaliações recebidas"", ""peso"": 15, ""pontos"": 0, ""detalhe"": ""Ainda sem avaliações na plataforma.""}]";Atuo na região e tenho equipe para começar no prazo.;[];enviada;22/09/2026
cand-0049;2026-126;Laudo de instalações elétricas;TechSolut Engenharia;prof-043;"{""nome"": ""Marcelo Castro Santana"", ""iniciais"": ""MS"", ""cor"": ""avatar-ambar"", ""titulo"": ""Engenheiro eletricista"", ""registro"": ""CREA-RO 043895/D"", ""cidade"": ""Porto Velho"", ""uf"": ""RO"", ""nota"": 4.3, ""avaliacoes"": 2, ""verificado"": true, ""competencias"": [""Laudo de instalações elétricas"", ""Subestação"", ""SPDA"", ""Automação predial""]}";83;"[{""rotulo"": ""Área de atuação"", ""peso"": 40, ""pontos"": 40, ""detalhe"": ""Você atua em Elétrica, que é o que a demanda exige.""}, {""rotulo"": ""Acervo confirmado no Crea"", ""peso"": 30, ""pontos"": 30, ""detalhe"": ""4 documentos confirmados na área da demanda (ponto cheio a partir de 3).""}, {""rotulo"": ""Localização"", ""peso"": 15, ""pontos"": 0, ""detalhe"": ""A obra fica em Manaus, fora da sua região de atendimento.""}, {""rotulo"": ""Avaliações recebidas"", ""peso"": 15, ""pontos"": 13, ""detalhe"": ""Média 4,3 em 2 avaliações de contratos registrados.""}]";Atuo na região e tenho equipe para começar no prazo.;[];enviada;24/09/2026
cand-0050;2026-126;Laudo de instalações elétricas;TechSolut Engenharia;prof-002;"{""nome"": ""Ana Beatriz Farias"", ""iniciais"": ""AB"", ""cor"": ""avatar-roxo"", ""titulo"": ""Engenheira eletricista"", ""registro"": ""CREA-AM 028114/D"", ""cidade"": ""Manaus"", ""uf"": ""AM"", ""nota"": 4.9, ""avaliacoes"": 31, ""verificado"": true, ""competencias"": [""SPDA"", ""Projeto elétrico"", ""Subestação""]}";100;"[{""rotulo"": ""Área de atuação"", ""peso"": 40, ""pontos"": 40, ""detalhe"": ""Você atua em Elétrica, que é o que a demanda exige.""}, {""rotulo"": ""Acervo confirmado no Crea"", ""peso"": 30, ""pontos"": 30, ""detalhe"": ""5 documentos confirmados na área da demanda (ponto cheio a partir de 3).""}, {""rotulo"": ""Localização"", ""peso"": 15, ""pontos"": 15, ""detalhe"": ""Você atende Manaus, onde fica a obra.""}, {""rotulo"": ""Avaliações recebidas"", ""peso"": 15, ""pontos"": 15, ""detalhe"": ""Média 4,9 em 31 avaliações de contratos registrados.""}]";;[];conversa;10/09/2026
cand-0051;2026-126;Laudo de instalações elétricas;TechSolut Engenharia;prof-024;"{""nome"": ""Fábio Vieira Ferreira"", ""iniciais"": ""FF"", ""cor"": ""avatar-ambar"", ""titulo"": ""Engenheiro eletricista"", ""registro"": ""CREA-AM 030836/D"", ""cidade"": ""Manaus"", ""uf"": ""AM"", ""nota"": 4.3, ""avaliacoes"": 24, ""verificado"": true, ""competencias"": [""Eficiência energética"", ""Projeto elétrico"", ""Laudo de instalações elétricas"", ""Hidrogeologia""]}";98;"[{""rotulo"": ""Área de atuação"", ""peso"": 40, ""pontos"": 40, ""detalhe"": ""Você atua em Elétrica, que é o que a demanda exige.""}, {""rotulo"": ""Acervo confirmado no Crea"", ""peso"": 30, ""pontos"": 30, ""detalhe"": ""6 documentos confirmados na área da demanda (ponto cheio a partir de 3).""}, {""rotulo"": ""Localização"", ""peso"": 15, ""pontos"": 15, ""detalhe"": ""Você atende Manaus, onde fica a obra.""}, {""rotulo"": ""Avaliações recebidas"", ""peso"": 15, ""pontos"": 13, ""detalhe"": ""Média 4,3 em 24 avaliações de contratos registrados.""}]";Atuo na região e tenho equipe para começar no prazo.;[];enviada;10/09/2026
cand-0052;2026-126;Laudo de instalações elétricas;TechSolut Engenharia;prof-050;"{""nome"": ""Letícia Carvalho Castro"", ""iniciais"": ""LC"", ""cor"": """", ""titulo"": ""Geóloga"", ""registro"": ""Registro em regularização"", ""cidade"": ""Manaus"", ""uf"": ""AM"", ""nota"": 0, ""avaliacoes"": 0, ""verificado"": false, ""competencias"": [""Estabilidade de taludes"", ""Sondagem"", ""Investigação geotécnica"", ""Hidrogeologia""]}";15;"[{""rotulo"": ""Área de atuação"", ""peso"": 40, ""pontos"": 0, ""detalhe"": ""A demanda exige Elétrica, fora das suas áreas.""}, {""rotulo"": ""Acervo confirmado no Crea"", ""peso"": 30, ""pontos"": 0, ""detalhe"": ""Nenhuma ART ou CAT confirmada nessa área.""}, {""rotulo"": ""Localização"", ""peso"": 15, ""pontos"": 15, ""detalhe"": ""Você atende Manaus, onde fica a obra.""}, {""rotulo"": ""Avaliações recebidas"", ""peso"": 15, ""pontos"": 0, ""detalhe"": ""Ainda sem avaliações na plataforma.""}]";Já trabalhei com esse tipo de serviço em 2025, com ART registrada.;[];visualizada;16/09/2026
cand-0053;2026-127;Recuperação de área degradada;Verde Engenharia;prof-006;"{""nome"": ""Vanessa Teixeira Dias"", ""iniciais"": ""VD"", ""cor"": ""avatar-ambar"", ""titulo"": ""Engenheira ambiental"", ""registro"": ""CREA-RO 045262/D"", ""cidade"": ""Porto Velho"", ""uf"": ""RO"", ""nota"": 4.0, ""avaliacoes"": 9, ""verificado"": true, ""competencias"": [""Monitoramento ambiental"", ""Recuperação de áreas degradadas"", ""Licenciamento""]}";82;"[{""rotulo"": ""Área de atuação"", ""peso"": 40, ""pontos"": 40, ""detalhe"": ""Você atua em Ambiental, que é o que a demanda exige.""}, {""rotulo"": ""Acervo confirmado no Crea"", ""peso"": 30, ""pontos"": 30, ""detalhe"": ""5 documentos confirmados na área da demanda (ponto cheio a partir de 3).""}, {""rotulo"": ""Localização"", ""peso"": 15, ""pontos"": 0, ""detalhe"": ""A obra fica em Manaus, fora da sua região de atendimento.""}, {""rotulo"": ""Avaliações recebidas"", ""peso"": 15, ""pontos"": 12, ""detalhe"": ""Média 4,0 em 9 avaliações de contratos registrados.""}]";Já trabalhei com esse tipo de serviço em 2025, com ART registrada.;[];enviada;23/09/2026
cand-0054;2026-127;Recuperação de área degradada;Verde Engenharia;prof-044;"{""nome"": ""Henrique Almeida Lopes"", ""iniciais"": ""HA"", ""cor"": ""avatar-roxo"", ""titulo"": ""Engenheiro mecânico"", ""registro"": ""CREA-PA 026455/D"", ""cidade"": ""Santarém"", ""uf"": ""PA"", ""nota"": 4.7, ""avaliacoes"": 12, ""verificado"": true, ""competencias"": [""Vasos de pressão (NR-13)"", ""Climatização"", ""Sistemas de combate a incêndio""]}";14;"[{""rotulo"": ""Área de atuação"", ""peso"": 40, ""pontos"": 0, ""detalhe"": ""A demanda exige Ambiental, fora das suas áreas.""}, {""rotulo"": ""Acervo confirmado no Crea"", ""peso"": 30, ""pontos"": 0, ""detalhe"": ""Nenhuma ART ou CAT confirmada nessa área.""}, {""rotulo"": ""Localização"", ""peso"": 15, ""pontos"": 0, ""detalhe"": ""A obra fica em Manaus, fora da sua região de atendimento.""}, {""rotulo"": ""Avaliações recebidas"", ""peso"": 15, ""pontos"": 14, ""detalhe"": ""Média 4,7 em 12 avaliações de contratos registrados.""}]";Posso apresentar memorial de projetos parecidos.;[];recusada;18/09/2026
cand-0055;2026-129;Laudo de estrutura de concreto;Construtora Alfa;prof-053;"{""nome"": ""Pedro Almeida Farias"", ""iniciais"": ""PA"", ""cor"": ""avatar-roxo"", ""titulo"": ""Engenheiro civil"", ""registro"": ""CREA-AM 015860/D"", ""cidade"": ""Humaitá"", ""uf"": ""AM"", ""nota"": 4.4, ""avaliacoes"": 18, ""verificado"": true, ""competencias"": [""Alvenaria estrutural"", ""Fiscalização de obra"", ""Fundações profundas""]}";73;"[{""rotulo"": ""Área de atuação"", ""peso"": 40, ""pontos"": 40, ""detalhe"": ""Você atua em Estrutural, que é o que a demanda exige.""}, {""rotulo"": ""Acervo confirmado no Crea"", ""peso"": 30, ""pontos"": 20, ""detalhe"": ""2 documentos confirmados na área da demanda (ponto cheio a partir de 3).""}, {""rotulo"": ""Localização"", ""peso"": 15, ""pontos"": 0, ""detalhe"": ""A obra fica em Itacoatiara, fora da sua região de atendimento.""}, {""rotulo"": ""Avaliações recebidas"", ""peso"": 15, ""pontos"": 13, ""detalhe"": ""Média 4,4 em 18 avaliações de contratos registrados.""}]";Já trabalhei com esse tipo de serviço em 2025, com ART registrada.;[];enviada;06/09/2026
cand-0056;2026-130;Compatibilização de projetos em BIM;Norte Projetos;prof-026;"{""nome"": ""Sérgio Martins Moraes"", ""iniciais"": ""SM"", ""cor"": ""avatar-verde"", ""titulo"": ""Engenheiro civil"", ""registro"": ""CREA-AM 029703/D"", ""cidade"": ""Parintins"", ""uf"": ""AM"", ""nota"": 0, ""avaliacoes"": 0, ""verificado"": true, ""competencias"": [""Compatibilização de projetos"", ""Orçamento e SINAPI"", ""Revit"", ""Planejamento de obra"", ""Manutenção industrial""]}";85;"[{""rotulo"": ""Área de atuação"", ""peso"": 40, ""pontos"": 40, ""detalhe"": ""Você atua em BIM, que é o que a demanda exige.""}, {""rotulo"": ""Acervo confirmado no Crea"", ""peso"": 30, ""pontos"": 30, ""detalhe"": ""6 documentos confirmados na área da demanda (ponto cheio a partir de 3).""}, {""rotulo"": ""Localização"", ""peso"": 15, ""pontos"": 15, ""detalhe"": ""Você atende Parintins, onde fica a obra.""}, {""rotulo"": ""Avaliações recebidas"", ""peso"": 15, ""pontos"": 0, ""detalhe"": ""Ainda sem avaliações na plataforma.""}]";Tenho interesse e posso visitar o local nesta semana.;[];enviada;24/09/2026
cand-0057;2026-130;Compatibilização de projetos em BIM;Norte Projetos;prof-052;"{""nome"": ""Carolina Barbosa Santos"", ""iniciais"": ""CS"", ""cor"": ""avatar-verde"", ""titulo"": ""Engenheira civil"", ""registro"": ""CREA-AM 037700/D"", ""cidade"": ""Manaus"", ""uf"": ""AM"", ""nota"": 4.0, ""avaliacoes"": 6, ""verificado"": true, ""competencias"": [""Modelagem BIM"", ""Revit"", ""Planejamento de obra""]}";71;"[{""rotulo"": ""Área de atuação"", ""peso"": 40, ""pontos"": 40, ""detalhe"": ""Você atua em BIM, que é o que a demanda exige.""}, {""rotulo"": ""Acervo confirmado no Crea"", ""peso"": 30, ""pontos"": 10, ""detalhe"": ""1 documento confirmado na área da demanda (ponto cheio a partir de 3).""}, {""rotulo"": ""Localização"", ""peso"": 15, ""pontos"": 9, ""detalhe"": ""A obra é em Parintins; você declarou atender todo o AM.""}, {""rotulo"": ""Avaliações recebidas"", ""peso"": 15, ""pontos"": 12, ""detalhe"": ""Média 4,0 em 6 avaliações de contratos registrados.""}]";Já trabalhei com esse tipo de serviço em 2025, com ART registrada.;[];recusada;24/09/2026
cand-0058;2026-130;Compatibilização de projetos em BIM;Norte Projetos;prof-021;"{""nome"": ""Débora Queiroz Souza"", ""iniciais"": ""DS"", ""cor"": ""avatar-verde"", ""titulo"": ""Engenheira civil"", ""registro"": ""CREA-AM 047130/D"", ""cidade"": ""Manaus"", ""uf"": ""AM"", ""nota"": 4.4, ""avaliacoes"": 2, ""verificado"": true, ""competencias"": [""Revit"", ""Planejamento de obra"", ""Compatibilização de projetos"", ""Orçamento e SINAPI"", ""Estabilidade de taludes""]}";92;"[{""rotulo"": ""Área de atuação"", ""peso"": 40, ""pontos"": 40, ""detalhe"": ""Você atua em BIM, que é o que a demanda exige.""}, {""rotulo"": ""Acervo confirmado no Crea"", ""peso"": 30, ""pontos"": 30, ""detalhe"": ""6 documentos confirmados na área da demanda (ponto cheio a partir de 3).""}, {""rotulo"": ""Localização"", ""peso"": 15, ""pontos"": 9, ""detalhe"": ""A obra é em Parintins; você declarou atender todo o AM.""}, {""rotulo"": ""Avaliações recebidas"", ""peso"": 15, ""pontos"": 13, ""detalhe"": ""Média 4,4 em 2 avaliações de contratos registrados.""}]";Já trabalhei com esse tipo de serviço em 2025, com ART registrada.;[];conversa;16/09/2026
cand-0059;2026-130;Compatibilização de projetos em BIM;Norte Projetos;prof-056;"{""nome"": ""Igor Souza Moraes"", ""iniciais"": ""IM"", ""cor"": """", ""titulo"": ""Engenheiro civil"", ""registro"": ""CREA-AM 056932/D"", ""cidade"": ""Manaus"", ""uf"": ""AM"", ""nota"": 0, ""avaliacoes"": 0, ""verificado"": true, ""competencias"": [""Modelagem BIM"", ""Planejamento de obra"", ""Orçamento e SINAPI"", ""Revit""]}";69;"[{""rotulo"": ""Área de atuação"", ""peso"": 40, ""pontos"": 40, ""detalhe"": ""Você atua em BIM, que é o que a demanda exige.""}, {""rotulo"": ""Acervo confirmado no Crea"", ""peso"": 30, ""pontos"": 20, ""detalhe"": ""2 documentos confirmados na área da demanda (ponto cheio a partir de 3).""}, {""rotulo"": ""Localização"", ""peso"": 15, ""pontos"": 9, ""detalhe"": ""A obra é em Parintins; você declarou atender todo o AM.""}, {""rotulo"": ""Avaliações recebidas"", ""peso"": 15, ""pontos"": 0, ""detalhe"": ""Ainda sem avaliações na plataforma.""}]";;[];enviada;22/09/2026
cand-0060;2026-131;Drenagem urbana;Prefeitura de Iranduba;prof-012;"{""nome"": ""Henrique Castro Rocha"", ""iniciais"": ""HR"", ""cor"": ""avatar-roxo"", ""titulo"": ""Engenheiro civil"", ""registro"": ""CREA-AM 022190/D"", ""cidade"": ""Manaus"", ""uf"": ""AM"", ""nota"": 4.1, ""avaliacoes"": 2, ""verificado"": true, ""competencias"": [""Fundações profundas"", ""Alvenaria estrutural"", ""Hidrossanitário predial""]}";61;"[{""rotulo"": ""Área de atuação"", ""peso"": 40, ""pontos"": 40, ""detalhe"": ""Você atua em Hidráulica, que é o que a demanda exige.""}, {""rotulo"": ""Acervo confirmado no Crea"", ""peso"": 30, ""pontos"": 0, ""detalhe"": ""Nenhuma ART ou CAT confirmada nessa área.""}, {""rotulo"": ""Localização"", ""peso"": 15, ""pontos"": 9, ""detalhe"": ""A obra é em Iranduba; você declarou atender todo o AM.""}, {""rotulo"": ""Avaliações recebidas"", ""peso"": 15, ""pontos"": 12, ""detalhe"": ""Média 4,1 em 2 avaliações de contratos registrados.""}]";Atuo na região e tenho equipe para começar no prazo.;[];visualizada;20/09/2026
cand-0061;2026-131;Drenagem urbana;Prefeitura de Iranduba;prof-020;"{""nome"": ""Paula Lopes Gomes"", ""iniciais"": ""PG"", ""cor"": """", ""titulo"": ""Geóloga"", ""registro"": ""CREA-AM 057620/D"", ""cidade"": ""Iranduba"", ""uf"": ""AM"", ""nota"": 4.0, ""avaliacoes"": 15, ""verificado"": true, ""competencias"": [""Hidrogeologia"", ""Estabilidade de taludes"", ""Sondagem"", ""Contenções"", ""Drenagem urbana""]}";87;"[{""rotulo"": ""Área de atuação"", ""peso"": 40, ""pontos"": 40, ""detalhe"": ""Você atua em Hidráulica, que é o que a demanda exige.""}, {""rotulo"": ""Acervo confirmado no Crea"", ""peso"": 30, ""pontos"": 20, ""detalhe"": ""2 documentos confirmados na área da demanda (ponto cheio a partir de 3).""}, {""rotulo"": ""Localização"", ""peso"": 15, ""pontos"": 15, ""detalhe"": ""Você atende Iranduba, onde fica a obra.""}, {""rotulo"": ""Avaliações recebidas"", ""peso"": 15, ""pontos"": 12, ""detalhe"": ""Média 4,0 em 15 avaliações de contratos registrados.""}]";Tenho interesse e posso visitar o local nesta semana.;[];enviada;17/09/2026
cand-0062;2026-131;Drenagem urbana;Prefeitura de Iranduba;prof-038;"{""nome"": ""Helena Nascimento Rocha"", ""iniciais"": ""HR"", ""cor"": ""avatar-roxo"", ""titulo"": ""Engenheira ambiental"", ""registro"": ""CREA-AM 045581/D"", ""cidade"": ""Parintins"", ""uf"": ""AM"", ""nota"": 4.2, ""avaliacoes"": 18, ""verificado"": true, ""competencias"": [""Recuperação de áreas degradadas"", ""PGRS"", ""Estudos de impacto"", ""Outorga de água""]}";22;"[{""rotulo"": ""Área de atuação"", ""peso"": 40, ""pontos"": 0, ""detalhe"": ""A demanda exige Hidráulica, fora das suas áreas.""}, {""rotulo"": ""Acervo confirmado no Crea"", ""peso"": 30, ""pontos"": 0, ""detalhe"": ""Nenhuma ART ou CAT confirmada nessa área.""}, {""rotulo"": ""Localização"", ""peso"": 15, ""pontos"": 9, ""detalhe"": ""A obra é em Iranduba; você declarou atender todo o AM.""}, {""rotulo"": ""Avaliações recebidas"", ""peso"": 15, ""pontos"": 13, ""detalhe"": ""Média 4,2 em 18 avaliações de contratos registrados.""}]";;[];recusada;21/09/2026
cand-0063;2026-133;Fiscalização de obra vertical;Rio Negro Construções;prof-057;"{""nome"": ""Ana Tavares Carvalho"", ""iniciais"": ""AC"", ""cor"": ""avatar-ambar"", ""titulo"": ""Engenheira civil"", ""registro"": ""CREA-AM 012371/D"", ""cidade"": ""Manaus"", ""uf"": ""AM"", ""nota"": 3.9, ""avaliacoes"": 15, ""verificado"": true, ""competencias"": [""Cálculo estrutural"", ""Estruturas metálicas""]}";77;"[{""rotulo"": ""Área de atuação"", ""peso"": 40, ""pontos"": 40, ""detalhe"": ""Você atua em Estrutural, que é o que a demanda exige.""}, {""rotulo"": ""Acervo confirmado no Crea"", ""peso"": 30, ""pontos"": 10, ""detalhe"": ""1 documento confirmado na área da demanda (ponto cheio a partir de 3).""}, {""rotulo"": ""Localização"", ""peso"": 15, ""pontos"": 15, ""detalhe"": ""Você atende Manaus, onde fica a obra.""}, {""rotulo"": ""Avaliações recebidas"", ""peso"": 15, ""pontos"": 12, ""detalhe"": ""Média 3,9 em 15 avaliações de contratos registrados.""}]";Posso apresentar memorial de projetos parecidos.;[];enviada;19/09/2026
cand-0064;2026-133;Fiscalização de obra vertical;Rio Negro Construções;prof-012;"{""nome"": ""Henrique Castro Rocha"", ""iniciais"": ""HR"", ""cor"": ""avatar-roxo"", ""titulo"": ""Engenheiro civil"", ""registro"": ""CREA-AM 022190/D"", ""cidade"": ""Manaus"", ""uf"": ""AM"", ""nota"": 4.1, ""avaliacoes"": 2, ""verificado"": true, ""competencias"": [""Fundações profundas"", ""Alvenaria estrutural"", ""Hidrossanitário predial""]}";77;"[{""rotulo"": ""Área de atuação"", ""peso"": 40, ""pontos"": 40, ""detalhe"": ""Você atua em Estrutural, que é o que a demanda exige.""}, {""rotulo"": ""Acervo confirmado no Crea"", ""peso"": 30, ""pontos"": 10, ""detalhe"": ""1 documento confirmado na área da demanda (ponto cheio a partir de 3).""}, {""rotulo"": ""Localização"", ""peso"": 15, ""pontos"": 15, ""detalhe"": ""Você atende Manaus, onde fica a obra.""}, {""rotulo"": ""Avaliações recebidas"", ""peso"": 15, ""pontos"": 12, ""detalhe"": ""Média 4,1 em 2 avaliações de contratos registrados.""}]";Tenho acervo em obra semelhante e disponibilidade imediata.;[];conversa;23/09/2026
cand-0065;2026-133;Fiscalização de obra vertical;Rio Negro Construções;prof-046;"{""nome"": ""Bruno Ferreira Silva"", ""iniciais"": ""BS"", ""cor"": ""avatar-roxo"", ""titulo"": ""Engenheiro civil"", ""registro"": ""CREA-AM 041325/D"", ""cidade"": ""Itacoatiara"", ""uf"": ""AM"", ""nota"": 4.4, ""avaliacoes"": 24, ""verificado"": true, ""competencias"": [""Concreto armado"", ""Fundações profundas""]}";83;"[{""rotulo"": ""Área de atuação"", ""peso"": 40, ""pontos"": 40, ""detalhe"": ""Você atua em Estrutural, que é o que a demanda exige.""}, {""rotulo"": ""Acervo confirmado no Crea"", ""peso"": 30, ""pontos"": 30, ""detalhe"": ""3 documentos confirmados na área da demanda (ponto cheio a partir de 3).""}, {""rotulo"": ""Localização"", ""peso"": 15, ""pontos"": 0, ""detalhe"": ""A obra fica em Manaus, fora da sua região de atendimento.""}, {""rotulo"": ""Avaliações recebidas"", ""peso"": 15, ""pontos"": 13, ""detalhe"": ""Média 4,4 em 24 avaliações de contratos registrados.""}]";;[];enviada;21/09/2026
cand-0066;2026-133;Fiscalização de obra vertical;Rio Negro Construções;prof-053;"{""nome"": ""Pedro Almeida Farias"", ""iniciais"": ""PA"", ""cor"": ""avatar-roxo"", ""titulo"": ""Engenheiro civil"", ""registro"": ""CREA-AM 015860/D"", ""cidade"": ""Humaitá"", ""uf"": ""AM"", ""nota"": 4.4, ""avaliacoes"": 18, ""verificado"": true, ""competencias"": [""Alvenaria estrutural"", ""Fiscalização de obra"", ""Fundações profundas""]}";73;"[{""rotulo"": ""Área de atuação"", ""peso"": 40, ""pontos"": 40, ""detalhe"": ""Você atua em Estrutural, que é o que a demanda exige.""}, {""rotulo"": ""Acervo confirmado no Crea"", ""peso"": 30, ""pontos"": 20, ""detalhe"": ""2 documentos confirmados na área da demanda (ponto cheio a partir de 3).""}, {""rotulo"": ""Localização"", ""peso"": 15, ""pontos"": 0, ""detalhe"": ""A obra fica em Manaus, fora da sua região de atendimento.""}, {""rotulo"": ""Avaliações recebidas"", ""peso"": 15, ""pontos"": 13, ""detalhe"": ""Média 4,4 em 18 avaliações de contratos registrados.""}]";Atuo na região e tenho equipe para começar no prazo.;[];conversa;24/09/2026
cand-0067;2026-133;Fiscalização de obra vertical;Rio Negro Construções;prof-009;"{""nome"": ""Raquel Souza Castro"", ""iniciais"": ""RC"", ""cor"": ""avatar-ambar"", ""titulo"": ""Geóloga"", ""registro"": ""CREA-AM 018870/D"", ""cidade"": ""Iranduba"", ""uf"": ""AM"", ""nota"": 4.1, ""avaliacoes"": 31, ""verificado"": true, ""competencias"": [""Estabilidade de taludes"", ""Contenções"", ""Sondagem"", ""Hidrogeologia""]}";21;"[{""rotulo"": ""Área de atuação"", ""peso"": 40, ""pontos"": 0, ""detalhe"": ""A demanda exige Estrutural, fora das suas áreas.""}, {""rotulo"": ""Acervo confirmado no Crea"", ""peso"": 30, ""pontos"": 0, ""detalhe"": ""Nenhuma ART ou CAT confirmada nessa área.""}, {""rotulo"": ""Localização"", ""peso"": 15, ""pontos"": 9, ""detalhe"": ""A obra é em Manaus; você declarou atender todo o AM.""}, {""rotulo"": ""Avaliações recebidas"", ""peso"": 15, ""pontos"": 12, ""detalhe"": ""Média 4,1 em 31 avaliações de contratos registrados.""}]";Tenho acervo em obra semelhante e disponibilidade imediata.;[];conversa;23/09/2026
cand-0068;2026-134;Orçamento de obra pública;Rio Negro Construções;prof-042;"{""nome"": ""Otávio Castro Silva"", ""iniciais"": ""OS"", ""cor"": ""avatar-ambar"", ""titulo"": ""Engenheiro civil"", ""registro"": ""CREA-AM 030154/D"", ""cidade"": ""Iranduba"", ""uf"": ""AM"", ""nota"": 4.6, ""avaliacoes"": 2, ""verificado"": true, ""competencias"": [""Revit"", ""Compatibilização de projetos"", ""Licenciamento""]}";64;"[{""rotulo"": ""Área de atuação"", ""peso"": 40, ""pontos"": 40, ""detalhe"": ""Você atua em BIM, que é o que a demanda exige.""}, {""rotulo"": ""Acervo confirmado no Crea"", ""peso"": 30, ""pontos"": 10, ""detalhe"": ""1 documento confirmado na área da demanda (ponto cheio a partir de 3).""}, {""rotulo"": ""Localização"", ""peso"": 15, ""pontos"": 0, ""detalhe"": ""A obra fica em Manaus, fora da sua região de atendimento.""}, {""rotulo"": ""Avaliações recebidas"", ""peso"": 15, ""pontos"": 14, ""detalhe"": ""Média 4,6 em 2 avaliações de contratos registrados.""}]";Atuo na região e tenho equipe para começar no prazo.;[];recusada;20/09/2026
cand-0069;2026-134;Orçamento de obra pública;Rio Negro Construções;prof-030;"{""nome"": ""Leonardo Monteiro Costa"", ""iniciais"": ""LC"", ""cor"": ""avatar-ambar"", ""titulo"": ""Engenheiro civil"", ""registro"": ""CREA-AM 045046/D"", ""cidade"": ""Maués"", ""uf"": ""AM"", ""nota"": 4.0, ""avaliacoes"": 12, ""verificado"": true, ""competencias"": [""Modelagem BIM"", ""Planejamento de obra""]}";82;"[{""rotulo"": ""Área de atuação"", ""peso"": 40, ""pontos"": 40, ""detalhe"": ""Você atua em BIM, que é o que a demanda exige.""}, {""rotulo"": ""Acervo confirmado no Crea"", ""peso"": 30, ""pontos"": 30, ""detalhe"": ""5 documentos confirmados na área da demanda (ponto cheio a partir de 3).""}, {""rotulo"": ""Localização"", ""peso"": 15, ""pontos"": 0, ""detalhe"": ""A obra fica em Manaus, fora da sua região de atendimento.""}, {""rotulo"": ""Avaliações recebidas"", ""peso"": 15, ""pontos"": 12, ""detalhe"": ""Média 4,0 em 12 avaliações de contratos registrados.""}]";Posso apresentar memorial de projetos parecidos.;[];recusada;22/09/2026
cand-0070;2026-134;Orçamento de obra pública;Rio Negro Construções;prof-019;"{""nome"": ""Carolina Santana Freitas"", ""iniciais"": ""CF"", ""cor"": ""avatar-roxo"", ""titulo"": ""Engenheira civil"", ""registro"": ""CREA-AM 019299/D"", ""cidade"": ""Iranduba"", ""uf"": ""AM"", ""nota"": 0, ""avaliacoes"": 0, ""verificado"": true, ""competencias"": [""Planejamento de obra"", ""Compatibilização de projetos"", ""Revit"", ""Modelagem BIM""]}";70;"[{""rotulo"": ""Área de atuação"", ""peso"": 40, ""pontos"": 40, ""detalhe"": ""Você atua em BIM, que é o que a demanda exige.""}, {""rotulo"": ""Acervo confirmado no Crea"", ""peso"": 30, ""pontos"": 30, ""detalhe"": ""5 documentos confirmados na área da demanda (ponto cheio a partir de 3).""}, {""rotulo"": ""Localização"", ""peso"": 15, ""pontos"": 0, ""detalhe"": ""A obra fica em Manaus, fora da sua região de atendimento.""}, {""rotulo"": ""Avaliações recebidas"", ""peso"": 15, ""pontos"": 0, ""detalhe"": ""Ainda sem avaliações na plataforma.""}]";Posso apresentar memorial de projetos parecidos.;[];enviada;20/09/2026
cand-0071;2026-134;Orçamento de obra pública;Rio Negro Construções;prof-049;"{""nome"": ""João Carvalho Queiroz"", ""iniciais"": ""JQ"", ""cor"": """", ""titulo"": ""Engenheiro ambiental"", ""registro"": ""CREA-AM 037156/D"", ""cidade"": ""Coari"", ""uf"": ""AM"", ""nota"": 5.0, ""avaliacoes"": 6, ""verificado"": true, ""competencias"": [""Licenciamento"", ""Estudos de impacto"", ""Outorga de água"", ""Monitoramento ambiental""]}";24;"[{""rotulo"": ""Área de atuação"", ""peso"": 40, ""pontos"": 0, ""detalhe"": ""A demanda exige BIM, fora das suas áreas.""}, {""rotulo"": ""Acervo confirmado no Crea"", ""peso"": 30, ""pontos"": 0, ""detalhe"": ""Nenhuma ART ou CAT confirmada nessa área.""}, {""rotulo"": ""Localização"", ""peso"": 15, ""pontos"": 9, ""detalhe"": ""A obra é em Manaus; você declarou atender todo o AM.""}, {""rotulo"": ""Avaliações recebidas"", ""peso"": 15, ""pontos"": 15, ""detalhe"": ""Média 5,0 em 6 avaliações de contratos registrados.""}]";Tenho acervo em obra semelhante e disponibilidade imediata.;[];visualizada;22/09/2026
cand-0072;2026-135;Reforço de cobertura metálica;Rio Negro Construções;prof-010;"{""nome"": ""Sérgio Lopes Ribeiro"", ""iniciais"": ""SR"", ""cor"": """", ""titulo"": ""Engenheiro civil"", ""registro"": ""Registro em regularização"", ""cidade"": ""Manacapuru"", ""uf"": ""AM"", ""nota"": 4.9, ""avaliacoes"": 1, ""verificado"": false, ""competencias"": [""Reforço estrutural"", ""Fiscalização de obra""]}";64;"[{""rotulo"": ""Área de atuação"", ""peso"": 40, ""pontos"": 40, ""detalhe"": ""Você atua em Estrutural, que é o que a demanda exige.""}, {""rotulo"": ""Acervo confirmado no Crea"", ""peso"": 30, ""pontos"": 0, ""detalhe"": ""Nenhuma ART ou CAT confirmada nessa área.""}, {""rotulo"": ""Localização"", ""peso"": 15, ""pontos"": 9, ""detalhe"": ""A obra é em Manaus; você declarou atender todo o AM.""}, {""rotulo"": ""Avaliações recebidas"", ""peso"": 15, ""pontos"": 15, ""detalhe"": ""Média 4,9 em 1 avaliações de contratos registrados.""}]";Atuo na região e tenho equipe para começar no prazo.;[];enviada;21/09/2026
cand-0073;2026-135;Reforço de cobertura metálica;Rio Negro Construções;prof-046;"{""nome"": ""Bruno Ferreira Silva"", ""iniciais"": ""BS"", ""cor"": ""avatar-roxo"", ""titulo"": ""Engenheiro civil"", ""registro"": ""CREA-AM 041325/D"", ""cidade"": ""Itacoatiara"", ""uf"": ""AM"", ""nota"": 4.4, ""avaliacoes"": 24, ""verificado"": true, ""competencias"": [""Concreto armado"", ""Fundações profundas""]}";83;"[{""rotulo"": ""Área de atuação"", ""peso"": 40, ""pontos"": 40, ""detalhe"": ""Você atua em Estrutural, que é o que a demanda exige.""}, {""rotulo"": ""Acervo confirmado no Crea"", ""peso"": 30, ""pontos"": 30, ""detalhe"": ""3 documentos confirmados na área da demanda (ponto cheio a partir de 3).""}, {""rotulo"": ""Localização"", ""peso"": 15, ""pontos"": 0, ""detalhe"": ""A obra fica em Manaus, fora da sua região de atendimento.""}, {""rotulo"": ""Avaliações recebidas"", ""peso"": 15, ""pontos"": 13, ""detalhe"": ""Média 4,4 em 24 avaliações de contratos registrados.""}]";Tenho interesse e posso visitar o local nesta semana.;[];enviada;23/09/2026
cand-0074;2026-136;Fiscalização de obra vertical;Amazônia Estruturas Metálicas;prof-045;"{""nome"": ""Wagner Barbosa Nascimento"", ""iniciais"": ""WN"", ""cor"": """", ""titulo"": ""Engenheiro civil"", ""registro"": ""CREA-AM 016874/D"", ""cidade"": ""Presidente Figueiredo"", ""uf"": ""AM"", ""nota"": 0, ""avaliacoes"": 0, ""verificado"": true, ""competencias"": [""Alvenaria estrutural"", ""Concreto armado"", ""Licenciamento""]}";70;"[{""rotulo"": ""Área de atuação"", ""peso"": 40, ""pontos"": 40, ""detalhe"": ""Você atua em Estrutural, que é o que a demanda exige.""}, {""rotulo"": ""Acervo confirmado no Crea"", ""peso"": 30, ""pontos"": 30, ""detalhe"": ""3 documentos confirmados na área da demanda (ponto cheio a partir de 3).""}, {""rotulo"": ""Localização"", ""peso"": 15, ""pontos"": 0, ""detalhe"": ""A obra fica em Manaus, fora da sua região de atendimento.""}, {""rotulo"": ""Avaliações recebidas"", ""peso"": 15, ""pontos"": 0, ""detalhe"": ""Ainda sem avaliações na plataforma.""}]";Já trabalhei com esse tipo de serviço em 2025, com ART registrada.;[];enviada;23/09/2026
cand-0075;2026-136;Fiscalização de obra vertical;Amazônia Estruturas Metálicas;prof-012;"{""nome"": ""Henrique Castro Rocha"", ""iniciais"": ""HR"", ""cor"": ""avatar-roxo"", ""titulo"": ""Engenheiro civil"", ""registro"": ""CREA-AM 022190/D"", ""cidade"": ""Manaus"", ""uf"": ""AM"", ""nota"": 4.1, ""avaliacoes"": 2, ""verificado"": true, ""competencias"": [""Fundações profundas"", ""Alvenaria estrutural"", ""Hidrossanitário predial""]}";77;"[{""rotulo"": ""Área de atuação"", ""peso"": 40, ""pontos"": 40, ""detalhe"": ""Você atua em Estrutural, que é o que a demanda exige.""}, {""rotulo"": ""Acervo confirmado no Crea"", ""peso"": 30, ""pontos"": 10, ""detalhe"": ""1 documento confirmado na área da demanda (ponto cheio a partir de 3).""}, {""rotulo"": ""Localização"", ""peso"": 15, ""pontos"": 15, ""detalhe"": ""Você atende Manaus, onde fica a obra.""}, {""rotulo"": ""Avaliações recebidas"", ""peso"": 15, ""pontos"": 12, ""detalhe"": ""Média 4,1 em 2 avaliações de contratos registrados.""}]";Tenho interesse e posso visitar o local nesta semana.;[];conversa;19/09/2026
cand-0076;2026-136;Fiscalização de obra vertical;Amazônia Estruturas Metálicas;prof-006;"{""nome"": ""Vanessa Teixeira Dias"", ""iniciais"": ""VD"", ""cor"": ""avatar-ambar"", ""titulo"": ""Engenheira ambiental"", ""registro"": ""CREA-RO 045262/D"", ""cidade"": ""Porto Velho"", ""uf"": ""RO"", ""nota"": 4.0, ""avaliacoes"": 9, ""verificado"": true, ""competencias"": [""Monitoramento ambiental"", ""Recuperação de áreas degradadas"", ""Licenciamento""]}";12;"[{""rotulo"": ""Área de atuação"", ""peso"": 40, ""pontos"": 0, ""detalhe"": ""A demanda exige Estrutural, fora das suas áreas.""}, {""rotulo"": ""Acervo confirmado no Crea"", ""peso"": 30, ""pontos"": 0, ""detalhe"": ""Nenhuma ART ou CAT confirmada nessa área.""}, {""rotulo"": ""Localização"", ""peso"": 15, ""pontos"": 0, ""detalhe"": ""A obra fica em Manaus, fora da sua região de atendimento.""}, {""rotulo"": ""Avaliações recebidas"", ""peso"": 15, ""pontos"": 12, ""detalhe"": ""Média 4,0 em 9 avaliações de contratos registrados.""}]";Posso apresentar memorial de projetos parecidos.;[];conversa;21/09/2026
cand-0077;2026-137;Usina solar fotovoltaica;Amazônia Estruturas Metálicas;prof-039;"{""nome"": ""Pedro Menezes Lima"", ""iniciais"": ""PL"", ""cor"": ""avatar-ambar"", ""titulo"": ""Geólogo"", ""registro"": ""CREA-AM 050816/D"", ""cidade"": ""Manaus"", ""uf"": ""AM"", ""nota"": 4.4, ""avaliacoes"": 18, ""verificado"": true, ""competencias"": [""Hidrogeologia"", ""Estabilidade de taludes"", ""Sondagem"", ""Montagem industrial""]}";28;"[{""rotulo"": ""Área de atuação"", ""peso"": 40, ""pontos"": 0, ""detalhe"": ""A demanda exige Elétrica, fora das suas áreas.""}, {""rotulo"": ""Acervo confirmado no Crea"", ""peso"": 30, ""pontos"": 0, ""detalhe"": ""Nenhuma ART ou CAT confirmada nessa área.""}, {""rotulo"": ""Localização"", ""peso"": 15, ""pontos"": 15, ""detalhe"": ""Você atende Manaus, onde fica a obra.""}, {""rotulo"": ""Avaliações recebidas"", ""peso"": 15, ""pontos"": 13, ""detalhe"": ""Média 4,4 em 18 avaliações de contratos registrados.""}]";;[];conversa;20/09/2026
cand-0078;2026-138;Projeto elétrico industrial;Solimões Energia;prof-043;"{""nome"": ""Marcelo Castro Santana"", ""iniciais"": ""MS"", ""cor"": ""avatar-ambar"", ""titulo"": ""Engenheiro eletricista"", ""registro"": ""CREA-RO 043895/D"", ""cidade"": ""Porto Velho"", ""uf"": ""RO"", ""nota"": 4.3, ""avaliacoes"": 2, ""verificado"": true, ""competencias"": [""Laudo de instalações elétricas"", ""Subestação"", ""SPDA"", ""Automação predial""]}";83;"[{""rotulo"": ""Área de atuação"", ""peso"": 40, ""pontos"": 40, ""detalhe"": ""Você atua em Elétrica, que é o que a demanda exige.""}, {""rotulo"": ""Acervo confirmado no Crea"", ""peso"": 30, ""pontos"": 30, ""detalhe"": ""4 documentos confirmados na área da demanda (ponto cheio a partir de 3).""}, {""rotulo"": ""Localização"", ""peso"": 15, ""pontos"": 0, ""detalhe"": ""A obra fica em Manacapuru, fora da sua região de atendimento.""}, {""rotulo"": ""Avaliações recebidas"", ""peso"": 15, ""pontos"": 13, ""detalhe"": ""Média 4,3 em 2 avaliações de contratos registrados.""}]";Tenho interesse e posso visitar o local nesta semana.;[];enviada;22/09/2026
cand-0079;2026-138;Projeto elétrico industrial;Solimões Energia;prof-060;"{""nome"": ""Aline Menezes Cardoso"", ""iniciais"": ""AC"", ""cor"": ""avatar-verde"", ""titulo"": ""Engenheira eletricista"", ""registro"": ""CREA-AM 021355/D"", ""cidade"": ""Manaus"", ""uf"": ""AM"", ""nota"": 4.6, ""avaliacoes"": 15, ""verificado"": true, ""competencias"": [""Automação predial"", ""Projeto elétrico"", ""Subestação""]}";64;"[{""rotulo"": ""Área de atuação"", ""peso"": 40, ""pontos"": 40, ""detalhe"": ""Você atua em Elétrica, que é o que a demanda exige.""}, {""rotulo"": ""Acervo confirmado no Crea"", ""peso"": 30, ""pontos"": 10, ""detalhe"": ""1 documento confirmado na área da demanda (ponto cheio a partir de 3).""}, {""rotulo"": ""Localização"", ""peso"": 15, ""pontos"": 0, ""detalhe"": ""A obra fica em Manacapuru, fora da sua região de atendimento.""}, {""rotulo"": ""Avaliações recebidas"", ""peso"": 15, ""pontos"": 14, ""detalhe"": ""Média 4,6 em 15 avaliações de contratos registrados.""}]";;[];visualizada;24/09/2026
cand-0080;2026-138;Projeto elétrico industrial;Solimões Energia;prof-013;"{""nome"": ""Camila Ribeiro Oliveira"", ""iniciais"": ""CO"", ""cor"": ""avatar-verde"", ""titulo"": ""Engenheira sanitarista"", ""registro"": ""CREA-AM 047227/D"", ""cidade"": ""Tefé"", ""uf"": ""AM"", ""nota"": 4.5, ""avaliacoes"": 6, ""verificado"": true, ""competencias"": [""Esgotamento sanitário"", ""Hidrossanitário predial"", ""Redes de água"", ""Saneamento"", ""Recuperação de áreas degradadas""]}";23;"[{""rotulo"": ""Área de atuação"", ""peso"": 40, ""pontos"": 0, ""detalhe"": ""A demanda exige Elétrica, fora das suas áreas.""}, {""rotulo"": ""Acervo confirmado no Crea"", ""peso"": 30, ""pontos"": 0, ""detalhe"": ""Nenhuma ART ou CAT confirmada nessa área.""}, {""rotulo"": ""Localização"", ""peso"": 15, ""pontos"": 9, ""detalhe"": ""A obra é em Manacapuru; você declarou atender todo o AM.""}, {""rotulo"": ""Avaliações recebidas"", ""peso"": 15, ""pontos"": 14, ""detalhe"": ""Média 4,5 em 6 avaliações de contratos registrados.""}]";Tenho acervo em obra semelhante e disponibilidade imediata.;[];recusada;21/09/2026
cand-0081;2026-139;Usina solar fotovoltaica;Solimões Energia;prof-032;"{""nome"": ""Leonardo Santana Cardoso"", ""iniciais"": ""LC"", ""cor"": """", ""titulo"": ""Engenheiro civil"", ""registro"": ""CREA-AM 048033/D"", ""cidade"": ""Tefé"", ""uf"": ""AM"", ""nota"": 4.8, ""avaliacoes"": 12, ""verificado"": true, ""competencias"": [""Compatibilização de projetos"", ""Revit"", ""Planejamento de obra"", ""Laudo de instalações elétricas""]}";74;"[{""rotulo"": ""Área de atuação"", ""peso"": 40, ""pontos"": 40, ""detalhe"": ""Você atua em Elétrica, que é o que a demanda exige.""}, {""rotulo"": ""Acervo confirmado no Crea"", ""peso"": 30, ""pontos"": 20, ""detalhe"": ""2 documentos confirmados na área da demanda (ponto cheio a partir de 3).""}, {""rotulo"": ""Localização"", ""peso"": 15, ""pontos"": 0, ""detalhe"": ""A obra fica em Manacapuru, fora da sua região de atendimento.""}, {""rotulo"": ""Avaliações recebidas"", ""peso"": 15, ""pontos"": 14, ""detalhe"": ""Média 4,8 em 12 avaliações de contratos registrados.""}]";Tenho acervo em obra semelhante e disponibilidade imediata.;[];visualizada;11/09/2026
cand-0082;2026-139;Usina solar fotovoltaica;Solimões Energia;prof-043;"{""nome"": ""Marcelo Castro Santana"", ""iniciais"": ""MS"", ""cor"": ""avatar-ambar"", ""titulo"": ""Engenheiro eletricista"", ""registro"": ""CREA-RO 043895/D"", ""cidade"": ""Porto Velho"", ""uf"": ""RO"", ""nota"": 4.3, ""avaliacoes"": 2, ""verificado"": true, ""competencias"": [""Laudo de instalações elétricas"", ""Subestação"", ""SPDA"", ""Automação predial""]}";83;"[{""rotulo"": ""Área de atuação"", ""peso"": 40, ""pontos"": 40, ""detalhe"": ""Você atua em Elétrica, que é o que a demanda exige.""}, {""rotulo"": ""Acervo confirmado no Crea"", ""peso"": 30, ""pontos"": 30, ""detalhe"": ""4 documentos confirmados na área da demanda (ponto cheio a partir de 3).""}, {""rotulo"": ""Localização"", ""peso"": 15, ""pontos"": 0, ""detalhe"": ""A obra fica em Manacapuru, fora da sua região de atendimento.""}, {""rotulo"": ""Avaliações recebidas"", ""peso"": 15, ""pontos"": 13, ""detalhe"": ""Média 4,3 em 2 avaliações de contratos registrados.""}]";Atuo na região e tenho equipe para começar no prazo.;[];visualizada;17/09/2026
cand-0083;2026-139;Usina solar fotovoltaica;Solimões Energia;prof-060;"{""nome"": ""Aline Menezes Cardoso"", ""iniciais"": ""AC"", ""cor"": ""avatar-verde"", ""titulo"": ""Engenheira eletricista"", ""registro"": ""CREA-AM 021355/D"", ""cidade"": ""Manaus"", ""uf"": ""AM"", ""nota"": 4.6, ""avaliacoes"": 15, ""verificado"": true, ""competencias"": [""Automação predial"", ""Projeto elétrico"", ""Subestação""]}";64;"[{""rotulo"": ""Área de atuação"", ""peso"": 40, ""pontos"": 40, ""detalhe"": ""Você atua em Elétrica, que é o que a demanda exige.""}, {""rotulo"": ""Acervo confirmado no Crea"", ""peso"": 30, ""pontos"": 10, ""detalhe"": ""1 documento confirmado na área da demanda (ponto cheio a partir de 3).""}, {""rotulo"": ""Localização"", ""peso"": 15, ""pontos"": 0, ""detalhe"": ""A obra fica em Manacapuru, fora da sua região de atendimento.""}, {""rotulo"": ""Avaliações recebidas"", ""peso"": 15, ""pontos"": 14, ""detalhe"": ""Média 4,6 em 15 avaliações de contratos registrados.""}]";Tenho acervo em obra semelhante e disponibilidade imediata.;[];conversa;24/09/2026
cand-0084;2026-139;Usina solar fotovoltaica;Solimões Energia;prof-040;"{""nome"": ""Paula Barbosa Dias"", ""iniciais"": ""PD"", ""cor"": ""avatar-ambar"", ""titulo"": ""Engenheira ambiental"", ""registro"": ""CREA-RO 025401/D"", ""cidade"": ""Porto Velho"", ""uf"": ""RO"", ""nota"": 4.0, ""avaliacoes"": 31, ""verificado"": true, ""competencias"": [""Licenciamento"", ""PGRS"", ""Outorga de água"", ""Hidrogeologia""]}";12;"[{""rotulo"": ""Área de atuação"", ""peso"": 40, ""pontos"": 0, ""detalhe"": ""A demanda exige Elétrica, fora das suas áreas.""}, {""rotulo"": ""Acervo confirmado no Crea"", ""peso"": 30, ""pontos"": 0, ""detalhe"": ""Nenhuma ART ou CAT confirmada nessa área.""}, {""rotulo"": ""Localização"", ""peso"": 15, ""pontos"": 0, ""detalhe"": ""A obra fica em Manacapuru, fora da sua região de atendimento.""}, {""rotulo"": ""Avaliações recebidas"", ""peso"": 15, ""pontos"": 12, ""detalhe"": ""Média 4,0 em 31 avaliações de contratos registrados.""}]";Tenho acervo em obra semelhante e disponibilidade imediata.;[];recusada;21/09/2026
cand-0085;2026-140;SPDA e aterramento;Solimões Energia;prof-024;"{""nome"": ""Fábio Vieira Ferreira"", ""iniciais"": ""FF"", ""cor"": ""avatar-ambar"", ""titulo"": ""Engenheiro eletricista"", ""registro"": ""CREA-AM 030836/D"", ""cidade"": ""Manaus"", ""uf"": ""AM"", ""nota"": 4.3, ""avaliacoes"": 24, ""verificado"": true, ""competencias"": [""Eficiência energética"", ""Projeto elétrico"", ""Laudo de instalações elétricas"", ""Hidrogeologia""]}";92;"[{""rotulo"": ""Área de atuação"", ""peso"": 40, ""pontos"": 40, ""detalhe"": ""Você atua em Elétrica, que é o que a demanda exige.""}, {""rotulo"": ""Acervo confirmado no Crea"", ""peso"": 30, ""pontos"": 30, ""detalhe"": ""6 documentos confirmados na área da demanda (ponto cheio a partir de 3).""}, {""rotulo"": ""Localização"", ""peso"": 15, ""pontos"": 9, ""detalhe"": ""A obra é em Manacapuru; você declarou atender todo o AM.""}, {""rotulo"": ""Avaliações recebidas"", ""peso"": 15, ""pontos"": 13, ""detalhe"": ""Média 4,3 em 24 avaliações de contratos registrados.""}]";Atuo na região e tenho equipe para começar no prazo.;[];visualizada;19/09/2026
cand-0086;2026-140;SPDA e aterramento;Solimões Energia;prof-037;"{""nome"": ""Caio Souza Farias"", ""iniciais"": ""CF"", ""cor"": ""avatar-verde"", ""titulo"": ""Engenheiro eletricista"", ""registro"": ""CREA-AM 030522/D"", ""cidade"": ""Humaitá"", ""uf"": ""AM"", ""nota"": 4.2, ""avaliacoes"": 15, ""verificado"": true, ""competencias"": [""Automação predial"", ""Energia solar fotovoltaica"", ""Eficiência energética"", ""Montagem industrial""]}";83;"[{""rotulo"": ""Área de atuação"", ""peso"": 40, ""pontos"": 40, ""detalhe"": ""Você atua em Elétrica, que é o que a demanda exige.""}, {""rotulo"": ""Acervo confirmado no Crea"", ""peso"": 30, ""pontos"": 30, ""detalhe"": ""4 documentos confirmados na área da demanda (ponto cheio a partir de 3).""}, {""rotulo"": ""Localização"", ""peso"": 15, ""pontos"": 0, ""detalhe"": ""A obra fica em Manacapuru, fora da sua região de atendimento.""}, {""rotulo"": ""Avaliações recebidas"", ""peso"": 15, ""pontos"": 13, ""detalhe"": ""Média 4,2 em 15 avaliações de contratos registrados.""}]";Tenho acervo em obra semelhante e disponibilidade imediata.;[];visualizada;18/09/2026
cand-0087;2026-140;SPDA e aterramento;Solimões Energia;prof-015;"{""nome"": ""Isabela Barbosa Oliveira"", ""iniciais"": ""IO"", ""cor"": ""avatar-roxo"", ""titulo"": ""Engenheira eletricista"", ""registro"": ""Registro em regularização"", ""cidade"": ""Boa Vista"", ""uf"": ""RR"", ""nota"": 0, ""avaliacoes"": 0, ""verificado"": false, ""competencias"": [""Subestação"", ""Automação predial"", ""Eficiência energética"", ""Sistemas de combate a incêndio""]}";40;"[{""rotulo"": ""Área de atuação"", ""peso"": 40, ""pontos"": 40, ""detalhe"": ""Você atua em Elétrica, que é o que a demanda exige.""}, {""rotulo"": ""Acervo confirmado no Crea"", ""peso"": 30, ""pontos"": 0, ""detalhe"": ""Nenhuma ART ou CAT confirmada nessa área.""}, {""rotulo"": ""Localização"", ""peso"": 15, ""pontos"": 0, ""detalhe"": ""A obra fica em Manacapuru, fora da sua região de atendimento.""}, {""rotulo"": ""Avaliações recebidas"", ""peso"": 15, ""pontos"": 0, ""detalhe"": ""Ainda sem avaliações na plataforma.""}]";Posso apresentar memorial de projetos parecidos.;[];visualizada;24/09/2026
cand-0088;2026-140;SPDA e aterramento;Solimões Energia;prof-043;"{""nome"": ""Marcelo Castro Santana"", ""iniciais"": ""MS"", ""cor"": ""avatar-ambar"", ""titulo"": ""Engenheiro eletricista"", ""registro"": ""CREA-RO 043895/D"", ""cidade"": ""Porto Velho"", ""uf"": ""RO"", ""nota"": 4.3, ""avaliacoes"": 2, ""verificado"": true, ""competencias"": [""Laudo de instalações elétricas"", ""Subestação"", ""SPDA"", ""Automação predial""]}";83;"[{""rotulo"": ""Área de atuação"", ""peso"": 40, ""pontos"": 40, ""detalhe"": ""Você atua em Elétrica, que é o que a demanda exige.""}, {""rotulo"": ""Acervo confirmado no Crea"", ""peso"": 30, ""pontos"": 30, ""detalhe"": ""4 documentos confirmados na área da demanda (ponto cheio a partir de 3).""}, {""rotulo"": ""Localização"", ""peso"": 15, ""pontos"": 0, ""detalhe"": ""A obra fica em Manacapuru, fora da sua região de atendimento.""}, {""rotulo"": ""Avaliações recebidas"", ""peso"": 15, ""pontos"": 13, ""detalhe"": ""Média 4,3 em 2 avaliações de contratos registrados.""}]";Atuo na região e tenho equipe para começar no prazo.;[];visualizada;15/09/2026
cand-0089;2026-140;SPDA e aterramento;Solimões Energia;prof-035;"{""nome"": ""Priscila Costa Silva"", ""iniciais"": ""PS"", ""cor"": """", ""titulo"": ""Engenheira sanitarista"", ""registro"": ""CREA-AM 034873/D"", ""cidade"": ""Maués"", ""uf"": ""AM"", ""nota"": 3.9, ""avaliacoes"": 2, ""verificado"": true, ""competencias"": [""Estações de tratamento"", ""Hidrossanitário predial"", ""Projeto elétrico""]}";81;"[{""rotulo"": ""Área de atuação"", ""peso"": 40, ""pontos"": 40, ""detalhe"": ""Você atua em Elétrica, que é o que a demanda exige.""}, {""rotulo"": ""Acervo confirmado no Crea"", ""peso"": 30, ""pontos"": 20, ""detalhe"": ""2 documentos confirmados na área da demanda (ponto cheio a partir de 3).""}, {""rotulo"": ""Localização"", ""peso"": 15, ""pontos"": 9, ""detalhe"": ""A obra é em Manacapuru; você declarou atender todo o AM.""}, {""rotulo"": ""Avaliações recebidas"", ""peso"": 15, ""pontos"": 12, ""detalhe"": ""Média 3,9 em 2 avaliações de contratos registrados.""}]";Posso apresentar memorial de projetos parecidos.;[];visualizada;14/09/2026
cand-0090;2026-140;SPDA e aterramento;Solimões Energia;prof-053;"{""nome"": ""Pedro Almeida Farias"", ""iniciais"": ""PA"", ""cor"": ""avatar-roxo"", ""titulo"": ""Engenheiro civil"", ""registro"": ""CREA-AM 015860/D"", ""cidade"": ""Humaitá"", ""uf"": ""AM"", ""nota"": 4.4, ""avaliacoes"": 18, ""verificado"": true, ""competencias"": [""Alvenaria estrutural"", ""Fiscalização de obra"", ""Fundações profundas""]}";13;"[{""rotulo"": ""Área de atuação"", ""peso"": 40, ""pontos"": 0, ""detalhe"": ""A demanda exige Elétrica, fora das suas áreas.""}, {""rotulo"": ""Acervo confirmado no Crea"", ""peso"": 30, ""pontos"": 0, ""detalhe"": ""Nenhuma ART ou CAT confirmada nessa área.""}, {""rotulo"": ""Localização"", ""peso"": 15, ""pontos"": 0, ""detalhe"": ""A obra fica em Manacapuru, fora da sua região de atendimento.""}, {""rotulo"": ""Avaliações recebidas"", ""peso"": 15, ""pontos"": 13, ""detalhe"": ""Média 4,4 em 18 avaliações de contratos registrados.""}]";Tenho acervo em obra semelhante e disponibilidade imediata.;[];enviada;14/09/2026
cand-0091;2026-141;Orçamento de obra pública;Tarumã Incorporadora;prof-028;"{""nome"": ""Otávio Santos Soares"", ""iniciais"": ""OS"", ""cor"": ""avatar-ambar"", ""titulo"": ""Engenheiro mecânico"", ""registro"": ""CREA-AM 051567/D"", ""cidade"": ""Itacoatiara"", ""uf"": ""AM"", ""nota"": 4.9, ""avaliacoes"": 31, ""verificado"": true, ""competencias"": [""Climatização"", ""Manutenção industrial"", ""Tubulação industrial""]}";85;"[{""rotulo"": ""Área de atuação"", ""peso"": 40, ""pontos"": 40, ""detalhe"": ""Você atua em Mecânica, que é o que a demanda exige.""}, {""rotulo"": ""Acervo confirmado no Crea"", ""peso"": 30, ""pontos"": 30, ""detalhe"": ""4 documentos confirmados na área da demanda (ponto cheio a partir de 3).""}, {""rotulo"": ""Localização"", ""peso"": 15, ""pontos"": 0, ""detalhe"": ""A obra fica em Manaus, fora da sua região de atendimento.""}, {""rotulo"": ""Avaliações recebidas"", ""peso"": 15, ""pontos"": 15, ""detalhe"": ""Média 4,9 em 31 avaliações de contratos registrados.""}]";Atuo na região e tenho equipe para começar no prazo.;[];enviada;14/09/2026
cand-0092;2026-141;Orçamento de obra pública;Tarumã Incorporadora;prof-052;"{""nome"": ""Carolina Barbosa Santos"", ""iniciais"": ""CS"", ""cor"": ""avatar-verde"", ""titulo"": ""Engenheira civil"", ""registro"": ""CREA-AM 037700/D"", ""cidade"": ""Manaus"", ""uf"": ""AM"", ""nota"": 4.0, ""avaliacoes"": 6, ""verificado"": true, ""competencias"": [""Modelagem BIM"", ""Revit"", ""Planejamento de obra""]}";77;"[{""rotulo"": ""Área de atuação"", ""peso"": 40, ""pontos"": 40, ""detalhe"": ""Você atua em BIM, que é o que a demanda exige.""}, {""rotulo"": ""Acervo confirmado no Crea"", ""peso"": 30, ""pontos"": 10, ""detalhe"": ""1 documento confirmado na área da demanda (ponto cheio a partir de 3).""}, {""rotulo"": ""Localização"", ""peso"": 15, ""pontos"": 15, ""detalhe"": ""Você atende Manaus, onde fica a obra.""}, {""rotulo"": ""Avaliações recebidas"", ""peso"": 15, ""pontos"": 12, ""detalhe"": ""Média 4,0 em 6 avaliações de contratos registrados.""}]";Já trabalhei com esse tipo de serviço em 2025, com ART registrada.;[];visualizada;16/09/2026
cand-0093;2026-141;Orçamento de obra pública;Tarumã Incorporadora;prof-015;"{""nome"": ""Isabela Barbosa Oliveira"", ""iniciais"": ""IO"", ""cor"": ""avatar-roxo"", ""titulo"": ""Engenheira eletricista"", ""registro"": ""Registro em regularização"", ""cidade"": ""Boa Vista"", ""uf"": ""RR"", ""nota"": 0, ""avaliacoes"": 0, ""verificado"": false, ""competencias"": [""Subestação"", ""Automação predial"", ""Eficiência energética"", ""Sistemas de combate a incêndio""]}";40;"[{""rotulo"": ""Área de atuação"", ""peso"": 40, ""pontos"": 40, ""detalhe"": ""Você atua em Mecânica, que é o que a demanda exige.""}, {""rotulo"": ""Acervo confirmado no Crea"", ""peso"": 30, ""pontos"": 0, ""detalhe"": ""Nenhuma ART ou CAT confirmada nessa área.""}, {""rotulo"": ""Localização"", ""peso"": 15, ""pontos"": 0, ""detalhe"": ""A obra fica em Manaus, fora da sua região de atendimento.""}, {""rotulo"": ""Avaliações recebidas"", ""peso"": 15, ""pontos"": 0, ""detalhe"": ""Ainda sem avaliações na plataforma.""}]";;[];enviada;12/09/2026
cand-0094;2026-141;Orçamento de obra pública;Tarumã Incorporadora;prof-016;"{""nome"": ""Sabrina Santos Farias"", ""iniciais"": ""SF"", ""cor"": """", ""titulo"": ""Engenheira mecânica"", ""registro"": ""CREA-AM 020624/D"", ""cidade"": ""Manaus"", ""uf"": ""AM"", ""nota"": 0, ""avaliacoes"": 0, ""verificado"": true, ""competencias"": [""Vasos de pressão (NR-13)"", ""Tubulação industrial"", ""Climatização"", ""Sistemas de combate a incêndio""]}";85;"[{""rotulo"": ""Área de atuação"", ""peso"": 40, ""pontos"": 40, ""detalhe"": ""Você atua em Mecânica, que é o que a demanda exige.""}, {""rotulo"": ""Acervo confirmado no Crea"", ""peso"": 30, ""pontos"": 30, ""detalhe"": ""3 documentos confirmados na área da demanda (ponto cheio a partir de 3).""}, {""rotulo"": ""Localização"", ""peso"": 15, ""pontos"": 15, ""detalhe"": ""Você atende Manaus, onde fica a obra.""}, {""rotulo"": ""Avaliações recebidas"", ""peso"": 15, ""pontos"": 0, ""detalhe"": ""Ainda sem avaliações na plataforma.""}]";Posso apresentar memorial de projetos parecidos.;[];recusada;12/09/2026
cand-0095;2026-141;Orçamento de obra pública;Tarumã Incorporadora;prof-044;"{""nome"": ""Henrique Almeida Lopes"", ""iniciais"": ""HA"", ""cor"": ""avatar-roxo"", ""titulo"": ""Engenheiro mecânico"", ""registro"": ""CREA-PA 026455/D"", ""cidade"": ""Santarém"", ""uf"": ""PA"", ""nota"": 4.7, ""avaliacoes"": 12, ""verificado"": true, ""competencias"": [""Vasos de pressão (NR-13)"", ""Climatização"", ""Sistemas de combate a incêndio""]}";84;"[{""rotulo"": ""Área de atuação"", ""peso"": 40, ""pontos"": 40, ""detalhe"": ""Você atua em Mecânica, que é o que a demanda exige.""}, {""rotulo"": ""Acervo confirmado no Crea"", ""peso"": 30, ""pontos"": 30, ""detalhe"": ""3 documentos confirmados na área da demanda (ponto cheio a partir de 3).""}, {""rotulo"": ""Localização"", ""peso"": 15, ""pontos"": 0, ""detalhe"": ""A obra fica em Manaus, fora da sua região de atendimento.""}, {""rotulo"": ""Avaliações recebidas"", ""peso"": 15, ""pontos"": 14, ""detalhe"": ""Média 4,7 em 12 avaliações de contratos registrados.""}]";Tenho interesse e posso visitar o local nesta semana.;[];enviada;13/09/2026
cand-0096;2026-141;Orçamento de obra pública;Tarumã Incorporadora;prof-017;"{""nome"": ""Wagner Oliveira Barbosa"", ""iniciais"": ""WB"", ""cor"": ""avatar-ambar"", ""titulo"": ""Engenheiro agrônomo"", ""registro"": ""CREA-AM 043688/D"", ""cidade"": ""Iranduba"", ""uf"": ""AM"", ""nota"": 3.9, ""avaliacoes"": 18, ""verificado"": true, ""competencias"": [""Manejo de solo"", ""Irrigação"", ""Georreferenciamento rural""]}";12;"[{""rotulo"": ""Área de atuação"", ""peso"": 40, ""pontos"": 0, ""detalhe"": ""A demanda exige BIM ou Mecânica, fora das suas áreas.""}, {""rotulo"": ""Acervo confirmado no Crea"", ""peso"": 30, ""pontos"": 0, ""detalhe"": ""Nenhuma ART ou CAT confirmada nessa área.""}, {""rotulo"": ""Localização"", ""peso"": 15, ""pontos"": 0, ""detalhe"": ""A obra fica em Manaus, fora da sua região de atendimento.""}, {""rotulo"": ""Avaliações recebidas"", ""peso"": 15, ""pontos"": 12, ""detalhe"": ""Média 3,9 em 18 avaliações de contratos registrados.""}]";Já trabalhei com esse tipo de serviço em 2025, com ART registrada.;[];conversa;15/09/2026
cand-0097;2026-142;Fiscalização de obra de saneamento;Encontro das Águas Saneamento;prof-035;"{""nome"": ""Priscila Costa Silva"", ""iniciais"": ""PS"", ""cor"": """", ""titulo"": ""Engenheira sanitarista"", ""registro"": ""CREA-AM 034873/D"", ""cidade"": ""Maués"", ""uf"": ""AM"", ""nota"": 3.9, ""avaliacoes"": 2, ""verificado"": true, ""competencias"": [""Estações de tratamento"", ""Hidrossanitário predial"", ""Projeto elétrico""]}";91;"[{""rotulo"": ""Área de atuação"", ""peso"": 40, ""pontos"": 40, ""detalhe"": ""Você atua em Hidráulica, que é o que a demanda exige.""}, {""rotulo"": ""Acervo confirmado no Crea"", ""peso"": 30, ""pontos"": 30, ""detalhe"": ""3 documentos confirmados na área da demanda (ponto cheio a partir de 3).""}, {""rotulo"": ""Localização"", ""peso"": 15, ""pontos"": 9, ""detalhe"": ""A obra é em Manaus; você declarou atender todo o AM.""}, {""rotulo"": ""Avaliações recebidas"", ""peso"": 15, ""pontos"": 12, ""detalhe"": ""Média 3,9 em 2 avaliações de contratos registrados.""}]";Posso apresentar memorial de projetos parecidos.;[];enviada;19/09/2026
cand-0098;2026-142;Fiscalização de obra de saneamento;Encontro das Águas Saneamento;prof-006;"{""nome"": ""Vanessa Teixeira Dias"", ""iniciais"": ""VD"", ""cor"": ""avatar-ambar"", ""titulo"": ""Engenheira ambiental"", ""registro"": ""CREA-RO 045262/D"", ""cidade"": ""Porto Velho"", ""uf"": ""RO"", ""nota"": 4.0, ""avaliacoes"": 9, ""verificado"": true, ""competencias"": [""Monitoramento ambiental"", ""Recuperação de áreas degradadas"", ""Licenciamento""]}";82;"[{""rotulo"": ""Área de atuação"", ""peso"": 40, ""pontos"": 40, ""detalhe"": ""Você atua em Ambiental, que é o que a demanda exige.""}, {""rotulo"": ""Acervo confirmado no Crea"", ""peso"": 30, ""pontos"": 30, ""detalhe"": ""5 documentos confirmados na área da demanda (ponto cheio a partir de 3).""}, {""rotulo"": ""Localização"", ""peso"": 15, ""pontos"": 0, ""detalhe"": ""A obra fica em Manaus, fora da sua região de atendimento.""}, {""rotulo"": ""Avaliações recebidas"", ""peso"": 15, ""pontos"": 12, ""detalhe"": ""Média 4,0 em 9 avaliações de contratos registrados.""}]";Tenho interesse e posso visitar o local nesta semana.;[];visualizada;20/09/2026
cand-0099;2026-142;Fiscalização de obra de saneamento;Encontro das Águas Saneamento;prof-007;"{""nome"": ""Fábio Oliveira Barbosa"", ""iniciais"": ""FB"", ""cor"": ""avatar-ambar"", ""titulo"": ""Engenheiro mecânico"", ""registro"": ""CREA-AM 045758/D"", ""cidade"": ""Manaus"", ""uf"": ""AM"", ""nota"": 4.7, ""avaliacoes"": 15, ""verificado"": true, ""competencias"": [""Sistemas de combate a incêndio"", ""Montagem industrial"", ""Monitoramento ambiental""]}";89;"[{""rotulo"": ""Área de atuação"", ""peso"": 40, ""pontos"": 40, ""detalhe"": ""Você atua em Ambiental, que é o que a demanda exige.""}, {""rotulo"": ""Acervo confirmado no Crea"", ""peso"": 30, ""pontos"": 20, ""detalhe"": ""2 documentos confirmados na área da demanda (ponto cheio a partir de 3).""}, {""rotulo"": ""Localização"", ""peso"": 15, ""pontos"": 15, ""detalhe"": ""Você atende Manaus, onde fica a obra.""}, {""rotulo"": ""Avaliações recebidas"", ""peso"": 15, ""pontos"": 14, ""detalhe"": ""Média 4,7 em 15 avaliações de contratos registrados.""}]";Já trabalhei com esse tipo de serviço em 2025, com ART registrada.;[];enviada;24/09/2026
cand-0100;2026-142;Fiscalização de obra de saneamento;Encontro das Águas Saneamento;prof-013;"{""nome"": ""Camila Ribeiro Oliveira"", ""iniciais"": ""CO"", ""cor"": ""avatar-verde"", ""titulo"": ""Engenheira sanitarista"", ""registro"": ""CREA-AM 047227/D"", ""cidade"": ""Tefé"", ""uf"": ""AM"", ""nota"": 4.5, ""avaliacoes"": 6, ""verificado"": true, ""competencias"": [""Esgotamento sanitário"", ""Hidrossanitário predial"", ""Redes de água"", ""Saneamento"", ""Recuperação de áreas degradadas""]}";93;"[{""rotulo"": ""Área de atuação"", ""peso"": 40, ""pontos"": 40, ""detalhe"": ""Você atua em Hidráulica e Ambiental, que é o que a demanda exige.""}, {""rotulo"": ""Acervo confirmado no Crea"", ""peso"": 30, ""pontos"": 30, ""detalhe"": ""6 documentos confirmados na área da demanda (ponto cheio a partir de 3).""}, {""rotulo"": ""Localização"", ""peso"": 15, ""pontos"": 9, ""detalhe"": ""A obra é em Manaus; você declarou atender todo o AM.""}, {""rotulo"": ""Avaliações recebidas"", ""peso"": 15, ""pontos"": 14, ""detalhe"": ""Média 4,5 em 6 avaliações de contratos registrados.""}]";Tenho acervo em obra semelhante e disponibilidade imediata.;[];enviada;11/09/2026
cand-0101;2026-142;Fiscalização de obra de saneamento;Encontro das Águas Saneamento;prof-019;"{""nome"": ""Carolina Santana Freitas"", ""iniciais"": ""CF"", ""cor"": ""avatar-roxo"", ""titulo"": ""Engenheira civil"", ""registro"": ""CREA-AM 019299/D"", ""cidade"": ""Iranduba"", ""uf"": ""AM"", ""nota"": 0, ""avaliacoes"": 0, ""verificado"": true, ""competencias"": [""Planejamento de obra"", ""Compatibilização de projetos"", ""Revit"", ""Modelagem BIM""]}";0;"[{""rotulo"": ""Área de atuação"", ""peso"": 40, ""pontos"": 0, ""detalhe"": ""A demanda exige Hidráulica ou Ambiental, fora das suas áreas.""}, {""rotulo"": ""Acervo confirmado no Crea"", ""peso"": 30, ""pontos"": 0, ""detalhe"": ""Nenhuma ART ou CAT confirmada nessa área.""}, {""rotulo"": ""Localização"", ""peso"": 15, ""pontos"": 0, ""detalhe"": ""A obra fica em Manaus, fora da sua região de atendimento.""}, {""rotulo"": ""Avaliações recebidas"", ""peso"": 15, ""pontos"": 0, ""detalhe"": ""Ainda sem avaliações na plataforma.""}]";;[];conversa;13/09/2026
cand-0102;2026-143;Compatibilização de projetos em BIM;Encontro das Águas Saneamento;prof-030;"{""nome"": ""Leonardo Monteiro Costa"", ""iniciais"": ""LC"", ""cor"": ""avatar-ambar"", ""titulo"": ""Engenheiro civil"", ""registro"": ""CREA-AM 045046/D"", ""cidade"": ""Maués"", ""uf"": ""AM"", ""nota"": 4.0, ""avaliacoes"": 12, ""verificado"": true, ""competencias"": [""Modelagem BIM"", ""Planejamento de obra""]}";82;"[{""rotulo"": ""Área de atuação"", ""peso"": 40, ""pontos"": 40, ""detalhe"": ""Você atua em BIM, que é o que a demanda exige.""}, {""rotulo"": ""Acervo confirmado no Crea"", ""peso"": 30, ""pontos"": 30, ""detalhe"": ""5 documentos confirmados na área da demanda (ponto cheio a partir de 3).""}, {""rotulo"": ""Localização"", ""peso"": 15, ""pontos"": 0, ""detalhe"": ""A obra fica em Manaus, fora da sua região de atendimento.""}, {""rotulo"": ""Avaliações recebidas"", ""peso"": 15, ""pontos"": 12, ""detalhe"": ""Média 4,0 em 12 avaliações de contratos registrados.""}]";Atuo na região e tenho equipe para começar no prazo.;[];enviada;21/09/2026
cand-0103;2026-145;Drenagem urbana;Madeira Infraestrutura;prof-034;"{""nome"": ""Fábio Soares Teixeira"", ""iniciais"": ""FT"", ""cor"": ""avatar-roxo"", ""titulo"": ""Engenheiro civil"", ""registro"": ""CREA-AM 035754/D"", ""cidade"": ""Manaus"", ""uf"": ""AM"", ""nota"": 4.2, ""avaliacoes"": 9, ""verificado"": true, ""competencias"": [""Fundações profundas"", ""Fiscalização de obra"", ""Cálculo estrutural"", ""Laudos técnicos""]}";92;"[{""rotulo"": ""Área de atuação"", ""peso"": 40, ""pontos"": 40, ""detalhe"": ""Você atua em Estrutural, que é o que a demanda exige.""}, {""rotulo"": ""Acervo confirmado no Crea"", ""peso"": 30, ""pontos"": 30, ""detalhe"": ""4 documentos confirmados na área da demanda (ponto cheio a partir de 3).""}, {""rotulo"": ""Localização"", ""peso"": 15, ""pontos"": 9, ""detalhe"": ""A obra é em Humaitá; você declarou atender todo o AM.""}, {""rotulo"": ""Avaliações recebidas"", ""peso"": 15, ""pontos"": 13, ""detalhe"": ""Média 4,2 em 9 avaliações de contratos registrados.""}]";Tenho interesse e posso visitar o local nesta semana.;[];enviada;15/09/2026
cand-0104;2026-145;Drenagem urbana;Madeira Infraestrutura;prof-055;"{""nome"": ""Igor Farias Carvalho"", ""iniciais"": ""IC"", ""cor"": ""avatar-ambar"", ""titulo"": ""Engenheiro sanitarista"", ""registro"": ""Registro em regularização"", ""cidade"": ""Boa Vista"", ""uf"": ""RR"", ""nota"": 3.9, ""avaliacoes"": 1, ""verificado"": false, ""competencias"": [""Drenagem urbana"", ""Hidrossanitário predial"", ""Monitoramento ambiental""]}";52;"[{""rotulo"": ""Área de atuação"", ""peso"": 40, ""pontos"": 40, ""detalhe"": ""Você atua em Hidráulica, que é o que a demanda exige.""}, {""rotulo"": ""Acervo confirmado no Crea"", ""peso"": 30, ""pontos"": 0, ""detalhe"": ""Nenhuma ART ou CAT confirmada nessa área.""}, {""rotulo"": ""Localização"", ""peso"": 15, ""pontos"": 0, ""detalhe"": ""A obra fica em Humaitá, fora da sua região de atendimento.""}, {""rotulo"": ""Avaliações recebidas"", ""peso"": 15, ""pontos"": 12, ""detalhe"": ""Média 3,9 em 1 avaliações de contratos registrados.""}]";Atuo na região e tenho equipe para começar no prazo.;[];visualizada;13/09/2026
cand-0105;2026-145;Drenagem urbana;Madeira Infraestrutura;prof-048;"{""nome"": ""Yasmin Farias Castro"", ""iniciais"": ""YC"", ""cor"": """", ""titulo"": ""Engenheira ambiental"", ""registro"": ""CREA-AM 041044/D"", ""cidade"": ""Iranduba"", ""uf"": ""AM"", ""nota"": 4.9, ""avaliacoes"": 2, ""verificado"": true, ""competencias"": [""PGRS"", ""Outorga de água"", ""Estudos de impacto"", ""Licenciamento""]}";15;"[{""rotulo"": ""Área de atuação"", ""peso"": 40, ""pontos"": 0, ""detalhe"": ""A demanda exige Hidráulica ou Estrutural, fora das suas áreas.""}, {""rotulo"": ""Acervo confirmado no Crea"", ""peso"": 30, ""pontos"": 0, ""detalhe"": ""Nenhuma ART ou CAT confirmada nessa área.""}, {""rotulo"": ""Localização"", ""peso"": 15, ""pontos"": 0, ""detalhe"": ""A obra fica em Humaitá, fora da sua região de atendimento.""}, {""rotulo"": ""Avaliações recebidas"", ""peso"": 15, ""pontos"": 15, ""detalhe"": ""Média 4,9 em 2 avaliações de contratos registrados.""}]";Tenho interesse e posso visitar o local nesta semana.;[];enviada;13/09/2026
cand-0106;2026-146;Projeto estrutural de edifício residencial;Ponta Negra Empreendimentos;prof-046;"{""nome"": ""Bruno Ferreira Silva"", ""iniciais"": ""BS"", ""cor"": ""avatar-roxo"", ""titulo"": ""Engenheiro civil"", ""registro"": ""CREA-AM 041325/D"", ""cidade"": ""Itacoatiara"", ""uf"": ""AM"", ""nota"": 4.4, ""avaliacoes"": 24, ""verificado"": true, ""competencias"": [""Concreto armado"", ""Fundações profundas""]}";83;"[{""rotulo"": ""Área de atuação"", ""peso"": 40, ""pontos"": 40, ""detalhe"": ""Você atua em Estrutural, que é o que a demanda exige.""}, {""rotulo"": ""Acervo confirmado no Crea"", ""peso"": 30, ""pontos"": 30, ""detalhe"": ""3 documentos confirmados na área da demanda (ponto cheio a partir de 3).""}, {""rotulo"": ""Localização"", ""peso"": 15, ""pontos"": 0, ""detalhe"": ""A obra fica em Manaus, fora da sua região de atendimento.""}, {""rotulo"": ""Avaliações recebidas"", ""peso"": 15, ""pontos"": 13, ""detalhe"": ""Média 4,4 em 24 avaliações de contratos registrados.""}]";Atuo na região e tenho equipe para começar no prazo.;[];visualizada;22/09/2026
cand-0107;2026-146;Projeto estrutural de edifício residencial;Ponta Negra Empreendimentos;prof-010;"{""nome"": ""Sérgio Lopes Ribeiro"", ""iniciais"": ""SR"", ""cor"": """", ""titulo"": ""Engenheiro civil"", ""registro"": ""Registro em regularização"", ""cidade"": ""Manacapuru"", ""uf"": ""AM"", ""nota"": 4.9, ""avaliacoes"": 1, ""verificado"": false, ""competencias"": [""Reforço estrutural"", ""Fiscalização de obra""]}";64;"[{""rotulo"": ""Área de atuação"", ""peso"": 40, ""pontos"": 40, ""detalhe"": ""Você atua em Estrutural, que é o que a demanda exige.""}, {""rotulo"": ""Acervo confirmado no Crea"", ""peso"": 30, ""pontos"": 0, ""detalhe"": ""Nenhuma ART ou CAT confirmada nessa área.""}, {""rotulo"": ""Localização"", ""peso"": 15, ""pontos"": 9, ""detalhe"": ""A obra é em Manaus; você declarou atender todo o AM.""}, {""rotulo"": ""Avaliações recebidas"", ""peso"": 15, ""pontos"": 15, ""detalhe"": ""Média 4,9 em 1 avaliações de contratos registrados.""}]";Posso apresentar memorial de projetos parecidos.;[];enviada;22/09/2026
cand-0108;2026-146;Projeto estrutural de edifício residencial;Ponta Negra Empreendimentos;prof-057;"{""nome"": ""Ana Tavares Carvalho"", ""iniciais"": ""AC"", ""cor"": ""avatar-ambar"", ""titulo"": ""Engenheira civil"", ""registro"": ""CREA-AM 012371/D"", ""cidade"": ""Manaus"", ""uf"": ""AM"", ""nota"": 3.9, ""avaliacoes"": 15, ""verificado"": true, ""competencias"": [""Cálculo estrutural"", ""Estruturas metálicas""]}";77;"[{""rotulo"": ""Área de atuação"", ""peso"": 40, ""pontos"": 40, ""detalhe"": ""Você atua em Estrutural, que é o que a demanda exige.""}, {""rotulo"": ""Acervo confirmado no Crea"", ""peso"": 30, ""pontos"": 10, ""detalhe"": ""1 documento confirmado na área da demanda (ponto cheio a partir de 3).""}, {""rotulo"": ""Localização"", ""peso"": 15, ""pontos"": 15, ""detalhe"": ""Você atende Manaus, onde fica a obra.""}, {""rotulo"": ""Avaliações recebidas"", ""peso"": 15, ""pontos"": 12, ""detalhe"": ""Média 3,9 em 15 avaliações de contratos registrados.""}]";Já trabalhei com esse tipo de serviço em 2025, com ART registrada.;[];conversa;23/09/2026
cand-0109;2026-146;Projeto estrutural de edifício residencial;Ponta Negra Empreendimentos;prof-034;"{""nome"": ""Fábio Soares Teixeira"", ""iniciais"": ""FT"", ""cor"": ""avatar-roxo"", ""titulo"": ""Engenheiro civil"", ""registro"": ""CREA-AM 035754/D"", ""cidade"": ""Manaus"", ""uf"": ""AM"", ""nota"": 4.2, ""avaliacoes"": 9, ""verificado"": true, ""competencias"": [""Fundações profundas"", ""Fiscalização de obra"", ""Cálculo estrutural"", ""Laudos técnicos""]}";98;"[{""rotulo"": ""Área de atuação"", ""peso"": 40, ""pontos"": 40, ""detalhe"": ""Você atua em Estrutural, que é o que a demanda exige.""}, {""rotulo"": ""Acervo confirmado no Crea"", ""peso"": 30, ""pontos"": 30, ""detalhe"": ""4 documentos confirmados na área da demanda (ponto cheio a partir de 3).""}, {""rotulo"": ""Localização"", ""peso"": 15, ""pontos"": 15, ""detalhe"": ""Você atende Manaus, onde fica a obra.""}, {""rotulo"": ""Avaliações recebidas"", ""peso"": 15, ""pontos"": 13, ""detalhe"": ""Média 4,2 em 9 avaliações de contratos registrados.""}]";Já trabalhei com esse tipo de serviço em 2025, com ART registrada.;[];enviada;23/09/2026
cand-0110;2026-146;Projeto estrutural de edifício residencial;Ponta Negra Empreendimentos;prof-031;"{""nome"": ""Carlos Vieira Farias"", ""iniciais"": ""CF"", ""cor"": ""avatar-roxo"", ""titulo"": ""Engenheiro mecânico"", ""registro"": ""Registro em regularização"", ""cidade"": ""Itacoatiara"", ""uf"": ""AM"", ""nota"": 0, ""avaliacoes"": 0, ""verificado"": false, ""competencias"": [""Vasos de pressão (NR-13)"", ""Montagem industrial""]}";9;"[{""rotulo"": ""Área de atuação"", ""peso"": 40, ""pontos"": 0, ""detalhe"": ""A demanda exige Estrutural, fora das suas áreas.""}, {""rotulo"": ""Acervo confirmado no Crea"", ""peso"": 30, ""pontos"": 0, ""detalhe"": ""Nenhuma ART ou CAT confirmada nessa área.""}, {""rotulo"": ""Localização"", ""peso"": 15, ""pontos"": 9, ""detalhe"": ""A obra é em Manaus; você declarou atender todo o AM.""}, {""rotulo"": ""Avaliações recebidas"", ""peso"": 15, ""pontos"": 0, ""detalhe"": ""Ainda sem avaliações na plataforma.""}]";Tenho acervo em obra semelhante e disponibilidade imediata.;[];conversa;23/09/2026
cand-0111;2026-147;Projeto estrutural de edifício residencial;Ponta Negra Empreendimentos;prof-046;"{""nome"": ""Bruno Ferreira Silva"", ""iniciais"": ""BS"", ""cor"": ""avatar-roxo"", ""titulo"": ""Engenheiro civil"", ""registro"": ""CREA-AM 041325/D"", ""cidade"": ""Itacoatiara"", ""uf"": ""AM"", ""nota"": 4.4, ""avaliacoes"": 24, ""verificado"": true, ""competencias"": [""Concreto armado"", ""Fundações profundas""]}";83;"[{""rotulo"": ""Área de atuação"", ""peso"": 40, ""pontos"": 40, ""detalhe"": ""Você atua em Estrutural, que é o que a demanda exige.""}, {""rotulo"": ""Acervo confirmado no Crea"", ""peso"": 30, ""pontos"": 30, ""detalhe"": ""3 documentos confirmados na área da demanda (ponto cheio a partir de 3).""}, {""rotulo"": ""Localização"", ""peso"": 15, ""pontos"": 0, ""detalhe"": ""A obra fica em Manaus, fora da sua região de atendimento.""}, {""rotulo"": ""Avaliações recebidas"", ""peso"": 15, ""pontos"": 13, ""detalhe"": ""Média 4,4 em 24 avaliações de contratos registrados.""}]";Atuo na região e tenho equipe para começar no prazo.;[];recusada;05/09/2026
cand-0112;2026-147;Projeto estrutural de edifício residencial;Ponta Negra Empreendimentos;prof-053;"{""nome"": ""Pedro Almeida Farias"", ""iniciais"": ""PA"", ""cor"": ""avatar-roxo"", ""titulo"": ""Engenheiro civil"", ""registro"": ""CREA-AM 015860/D"", ""cidade"": ""Humaitá"", ""uf"": ""AM"", ""nota"": 4.4, ""avaliacoes"": 18, ""verificado"": true, ""competencias"": [""Alvenaria estrutural"", ""Fiscalização de obra"", ""Fundações profundas""]}";73;"[{""rotulo"": ""Área de atuação"", ""peso"": 40, ""pontos"": 40, ""detalhe"": ""Você atua em Estrutural, que é o que a demanda exige.""}, {""rotulo"": ""Acervo confirmado no Crea"", ""peso"": 30, ""pontos"": 20, ""detalhe"": ""2 documentos confirmados na área da demanda (ponto cheio a partir de 3).""}, {""rotulo"": ""Localização"", ""peso"": 15, ""pontos"": 0, ""detalhe"": ""A obra fica em Manaus, fora da sua região de atendimento.""}, {""rotulo"": ""Avaliações recebidas"", ""peso"": 15, ""pontos"": 13, ""detalhe"": ""Média 4,4 em 18 avaliações de contratos registrados.""}]";Tenho acervo em obra semelhante e disponibilidade imediata.;[];visualizada;23/09/2026
cand-0113;2026-147;Projeto estrutural de edifício residencial;Ponta Negra Empreendimentos;prof-035;"{""nome"": ""Priscila Costa Silva"", ""iniciais"": ""PS"", ""cor"": """", ""titulo"": ""Engenheira sanitarista"", ""registro"": ""CREA-AM 034873/D"", ""cidade"": ""Maués"", ""uf"": ""AM"", ""nota"": 3.9, ""avaliacoes"": 2, ""verificado"": true, ""competencias"": [""Estações de tratamento"", ""Hidrossanitário predial"", ""Projeto elétrico""]}";91;"[{""rotulo"": ""Área de atuação"", ""peso"": 40, ""pontos"": 40, ""detalhe"": ""Você atua em Hidráulica, que é o que a demanda exige.""}, {""rotulo"": ""Acervo confirmado no Crea"", ""peso"": 30, ""pontos"": 30, ""detalhe"": ""3 documentos confirmados na área da demanda (ponto cheio a partir de 3).""}, {""rotulo"": ""Localização"", ""peso"": 15, ""pontos"": 9, ""detalhe"": ""A obra é em Manaus; você declarou atender todo o AM.""}, {""rotulo"": ""Avaliações recebidas"", ""peso"": 15, ""pontos"": 12, ""detalhe"": ""Média 3,9 em 2 avaliações de contratos registrados.""}]";Já trabalhei com esse tipo de serviço em 2025, com ART registrada.;[];visualizada;05/09/2026
cand-0114;2026-147;Projeto estrutural de edifício residencial;Ponta Negra Empreendimentos;prof-010;"{""nome"": ""Sérgio Lopes Ribeiro"", ""iniciais"": ""SR"", ""cor"": """", ""titulo"": ""Engenheiro civil"", ""registro"": ""Registro em regularização"", ""cidade"": ""Manacapuru"", ""uf"": ""AM"", ""nota"": 4.9, ""avaliacoes"": 1, ""verificado"": false, ""competencias"": [""Reforço estrutural"", ""Fiscalização de obra""]}";64;"[{""rotulo"": ""Área de atuação"", ""peso"": 40, ""pontos"": 40, ""detalhe"": ""Você atua em Estrutural, que é o que a demanda exige.""}, {""rotulo"": ""Acervo confirmado no Crea"", ""peso"": 30, ""pontos"": 0, ""detalhe"": ""Nenhuma ART ou CAT confirmada nessa área.""}, {""rotulo"": ""Localização"", ""peso"": 15, ""pontos"": 9, ""detalhe"": ""A obra é em Manaus; você declarou atender todo o AM.""}, {""rotulo"": ""Avaliações recebidas"", ""peso"": 15, ""pontos"": 15, ""detalhe"": ""Média 4,9 em 1 avaliações de contratos registrados.""}]";Atuo na região e tenho equipe para começar no prazo.;[];conversa;12/09/2026
cand-0115;2026-148;Recuperação de área degradada;Igarapé Consultoria Ambiental;prof-049;"{""nome"": ""João Carvalho Queiroz"", ""iniciais"": ""JQ"", ""cor"": """", ""titulo"": ""Engenheiro ambiental"", ""registro"": ""CREA-AM 037156/D"", ""cidade"": ""Coari"", ""uf"": ""AM"", ""nota"": 5.0, ""avaliacoes"": 6, ""verificado"": true, ""competencias"": [""Licenciamento"", ""Estudos de impacto"", ""Outorga de água"", ""Monitoramento ambiental""]}";74;"[{""rotulo"": ""Área de atuação"", ""peso"": 40, ""pontos"": 40, ""detalhe"": ""Você atua em Ambiental, que é o que a demanda exige.""}, {""rotulo"": ""Acervo confirmado no Crea"", ""peso"": 30, ""pontos"": 10, ""detalhe"": ""1 documento confirmado na área da demanda (ponto cheio a partir de 3).""}, {""rotulo"": ""Localização"", ""peso"": 15, ""pontos"": 9, ""detalhe"": ""A obra é em Manaus; você declarou atender todo o AM.""}, {""rotulo"": ""Avaliações recebidas"", ""peso"": 15, ""pontos"": 15, ""detalhe"": ""Média 5,0 em 6 avaliações de contratos registrados.""}]";Posso apresentar memorial de projetos parecidos.;[];conversa;16/09/2026
cand-0116;2026-149;Plano de gerenciamento de resíduos;Igarapé Consultoria Ambiental;prof-013;"{""nome"": ""Camila Ribeiro Oliveira"", ""iniciais"": ""CO"", ""cor"": ""avatar-verde"", ""titulo"": ""Engenheira sanitarista"", ""registro"": ""CREA-AM 047227/D"", ""cidade"": ""Tefé"", ""uf"": ""AM"", ""nota"": 4.5, ""avaliacoes"": 6, ""verificado"": true, ""competencias"": [""Esgotamento sanitário"", ""Hidrossanitário predial"", ""Redes de água"", ""Saneamento"", ""Recuperação de áreas degradadas""]}";83;"[{""rotulo"": ""Área de atuação"", ""peso"": 40, ""pontos"": 40, ""detalhe"": ""Você atua em Ambiental, que é o que a demanda exige.""}, {""rotulo"": ""Acervo confirmado no Crea"", ""peso"": 30, ""pontos"": 20, ""detalhe"": ""2 documentos confirmados na área da demanda (ponto cheio a partir de 3).""}, {""rotulo"": ""Localização"", ""peso"": 15, ""pontos"": 9, ""detalhe"": ""A obra é em Manaus; você declarou atender todo o AM.""}, {""rotulo"": ""Avaliações recebidas"", ""peso"": 15, ""pontos"": 14, ""detalhe"": ""Média 4,5 em 6 avaliações de contratos registrados.""}]";Já trabalhei com esse tipo de serviço em 2025, com ART registrada.;[];enviada;18/09/2026
cand-0117;2026-150;Georreferenciamento rural;Igarapé Consultoria Ambiental;prof-015;"{""nome"": ""Isabela Barbosa Oliveira"", ""iniciais"": ""IO"", ""cor"": ""avatar-roxo"", ""titulo"": ""Engenheira eletricista"", ""registro"": ""Registro em regularização"", ""cidade"": ""Boa Vista"", ""uf"": ""RR"", ""nota"": 0, ""avaliacoes"": 0, ""verificado"": false, ""competencias"": [""Subestação"", ""Automação predial"", ""Eficiência energética"", ""Sistemas de combate a incêndio""]}";40;"[{""rotulo"": ""Área de atuação"", ""peso"": 40, ""pontos"": 40, ""detalhe"": ""Você atua em Elétrica, que é o que a demanda exige.""}, {""rotulo"": ""Acervo confirmado no Crea"", ""peso"": 30, ""pontos"": 0, ""detalhe"": ""Nenhuma ART ou CAT confirmada nessa área.""}, {""rotulo"": ""Localização"", ""peso"": 15, ""pontos"": 0, ""detalhe"": ""A obra fica em Manaus, fora da sua região de atendimento.""}, {""rotulo"": ""Avaliações recebidas"", ""peso"": 15, ""pontos"": 0, ""detalhe"": ""Ainda sem avaliações na plataforma.""}]";;[];enviada;23/09/2026
cand-0118;2026-150;Georreferenciamento rural;Igarapé Consultoria Ambiental;prof-060;"{""nome"": ""Aline Menezes Cardoso"", ""iniciais"": ""AC"", ""cor"": ""avatar-verde"", ""titulo"": ""Engenheira eletricista"", ""registro"": ""CREA-AM 021355/D"", ""cidade"": ""Manaus"", ""uf"": ""AM"", ""nota"": 4.6, ""avaliacoes"": 15, ""verificado"": true, ""competencias"": [""Automação predial"", ""Projeto elétrico"", ""Subestação""]}";79;"[{""rotulo"": ""Área de atuação"", ""peso"": 40, ""pontos"": 40, ""detalhe"": ""Você atua em Elétrica, que é o que a demanda exige.""}, {""rotulo"": ""Acervo confirmado no Crea"", ""peso"": 30, ""pontos"": 10, ""detalhe"": ""1 documento confirmado na área da demanda (ponto cheio a partir de 3).""}, {""rotulo"": ""Localização"", ""peso"": 15, ""pontos"": 15, ""detalhe"": ""Você atende Manaus, onde fica a obra.""}, {""rotulo"": ""Avaliações recebidas"", ""peso"": 15, ""pontos"": 14, ""detalhe"": ""Média 4,6 em 15 avaliações de contratos registrados.""}]";Posso apresentar memorial de projetos parecidos.;[];enviada;20/09/2026
cand-0119;2026-150;Georreferenciamento rural;Igarapé Consultoria Ambiental;prof-051;"{""nome"": ""Juliana Tavares Vieira"", ""iniciais"": ""JV"", ""cor"": ""avatar-roxo"", ""titulo"": ""Engenheira agrônoma"", ""registro"": ""CREA-AM 032570/D"", ""cidade"": ""Maués"", ""uf"": ""AM"", ""nota"": 4.6, ""avaliacoes"": 18, ""verificado"": true, ""competencias"": [""Receituário agronômico"", ""Sistemas agroflorestais"", ""Irrigação"", ""Manejo de solo""]}";74;"[{""rotulo"": ""Área de atuação"", ""peso"": 40, ""pontos"": 40, ""detalhe"": ""Você atua em Agronomia, que é o que a demanda exige.""}, {""rotulo"": ""Acervo confirmado no Crea"", ""peso"": 30, ""pontos"": 20, ""detalhe"": ""2 documentos confirmados na área da demanda (ponto cheio a partir de 3).""}, {""rotulo"": ""Localização"", ""peso"": 15, ""pontos"": 0, ""detalhe"": ""A obra fica em Manaus, fora da sua região de atendimento.""}, {""rotulo"": ""Avaliações recebidas"", ""peso"": 15, ""pontos"": 14, ""detalhe"": ""Média 4,6 em 18 avaliações de contratos registrados.""}]";Posso apresentar memorial de projetos parecidos.;[];enviada;20/09/2026
cand-0120;2026-150;Georreferenciamento rural;Igarapé Consultoria Ambiental;prof-043;"{""nome"": ""Marcelo Castro Santana"", ""iniciais"": ""MS"", ""cor"": ""avatar-ambar"", ""titulo"": ""Engenheiro eletricista"", ""registro"": ""CREA-RO 043895/D"", ""cidade"": ""Porto Velho"", ""uf"": ""RO"", ""nota"": 4.3, ""avaliacoes"": 2, ""verificado"": true, ""competencias"": [""Laudo de instalações elétricas"", ""Subestação"", ""SPDA"", ""Automação predial""]}";83;"[{""rotulo"": ""Área de atuação"", ""peso"": 40, ""pontos"": 40, ""detalhe"": ""Você atua em Elétrica, que é o que a demanda exige.""}, {""rotulo"": ""Acervo confirmado no Crea"", ""peso"": 30, ""pontos"": 30, ""detalhe"": ""4 documentos confirmados na área da demanda (ponto cheio a partir de 3).""}, {""rotulo"": ""Localização"", ""peso"": 15, ""pontos"": 0, ""detalhe"": ""A obra fica em Manaus, fora da sua região de atendimento.""}, {""rotulo"": ""Avaliações recebidas"", ""peso"": 15, ""pontos"": 13, ""detalhe"": ""Média 4,3 em 2 avaliações de contratos registrados.""}]";Tenho acervo em obra semelhante e disponibilidade imediata.;[];enviada;22/09/2026
cand-0121;2026-151;Inspeção de vasos de pressão;Fluvial Logística do Norte;prof-016;"{""nome"": ""Sabrina Santos Farias"", ""iniciais"": ""SF"", ""cor"": """", ""titulo"": ""Engenheira mecânica"", ""registro"": ""CREA-AM 020624/D"", ""cidade"": ""Manaus"", ""uf"": ""AM"", ""nota"": 0, ""avaliacoes"": 0, ""verificado"": true, ""competencias"": [""Vasos de pressão (NR-13)"", ""Tubulação industrial"", ""Climatização"", ""Sistemas de combate a incêndio""]}";79;"[{""rotulo"": ""Área de atuação"", ""peso"": 40, ""pontos"": 40, ""detalhe"": ""Você atua em Mecânica, que é o que a demanda exige.""}, {""rotulo"": ""Acervo confirmado no Crea"", ""peso"": 30, ""pontos"": 30, ""detalhe"": ""3 documentos confirmados na área da demanda (ponto cheio a partir de 3).""}, {""rotulo"": ""Localização"", ""peso"": 15, ""pontos"": 9, ""detalhe"": ""A obra é em Itacoatiara; você declarou atender todo o AM.""}, {""rotulo"": ""Avaliações recebidas"", ""peso"": 15, ""pontos"": 0, ""detalhe"": ""Ainda sem avaliações na plataforma.""}]";;[];visualizada;24/09/2026
cand-0122;2026-151;Inspeção de vasos de pressão;Fluvial Logística do Norte;prof-036;"{""nome"": ""Aline Pinheiro Teixeira"", ""iniciais"": ""AT"", ""cor"": ""avatar-roxo"", ""titulo"": ""Engenheira mecânica"", ""registro"": ""CREA-RR 025902/D"", ""cidade"": ""Boa Vista"", ""uf"": ""RR"", ""nota"": 0, ""avaliacoes"": 0, ""verificado"": true, ""competencias"": [""Sistemas de combate a incêndio"", ""Tubulação industrial"", ""Montagem industrial"", ""Sistemas agroflorestais""]}";70;"[{""rotulo"": ""Área de atuação"", ""peso"": 40, ""pontos"": 40, ""detalhe"": ""Você atua em Mecânica, que é o que a demanda exige.""}, {""rotulo"": ""Acervo confirmado no Crea"", ""peso"": 30, ""pontos"": 30, ""detalhe"": ""3 documentos confirmados na área da demanda (ponto cheio a partir de 3).""}, {""rotulo"": ""Localização"", ""peso"": 15, ""pontos"": 0, ""detalhe"": ""A obra fica em Itacoatiara, fora da sua região de atendimento.""}, {""rotulo"": ""Avaliações recebidas"", ""peso"": 15, ""pontos"": 0, ""detalhe"": ""Ainda sem avaliações na plataforma.""}]";Tenho interesse e posso visitar o local nesta semana.;[];enviada;21/09/2026
cand-0123;2026-152;Inspeção de vasos de pressão;Fluvial Logística do Norte;prof-016;"{""nome"": ""Sabrina Santos Farias"", ""iniciais"": ""SF"", ""cor"": """", ""titulo"": ""Engenheira mecânica"", ""registro"": ""CREA-AM 020624/D"", ""cidade"": ""Manaus"", ""uf"": ""AM"", ""nota"": 0, ""avaliacoes"": 0, ""verificado"": true, ""competencias"": [""Vasos de pressão (NR-13)"", ""Tubulação industrial"", ""Climatização"", ""Sistemas de combate a incêndio""]}";79;"[{""rotulo"": ""Área de atuação"", ""peso"": 40, ""pontos"": 40, ""detalhe"": ""Você atua em Mecânica, que é o que a demanda exige.""}, {""rotulo"": ""Acervo confirmado no Crea"", ""peso"": 30, ""pontos"": 30, ""detalhe"": ""3 documentos confirmados na área da demanda (ponto cheio a partir de 3).""}, {""rotulo"": ""Localização"", ""peso"": 15, ""pontos"": 9, ""detalhe"": ""A obra é em Itacoatiara; você declarou atender todo o AM.""}, {""rotulo"": ""Avaliações recebidas"", ""peso"": 15, ""pontos"": 0, ""detalhe"": ""Ainda sem avaliações na plataforma.""}]";Tenho interesse e posso visitar o local nesta semana.;[];conversa;20/09/2026
cand-0124;2026-152;Inspeção de vasos de pressão;Fluvial Logística do Norte;prof-028;"{""nome"": ""Otávio Santos Soares"", ""iniciais"": ""OS"", ""cor"": ""avatar-ambar"", ""titulo"": ""Engenheiro mecânico"", ""registro"": ""CREA-AM 051567/D"", ""cidade"": ""Itacoatiara"", ""uf"": ""AM"", ""nota"": 4.9, ""avaliacoes"": 31, ""verificado"": true, ""competencias"": [""Climatização"", ""Manutenção industrial"", ""Tubulação industrial""]}";100;"[{""rotulo"": ""Área de atuação"", ""peso"": 40, ""pontos"": 40, ""detalhe"": ""Você atua em Mecânica, que é o que a demanda exige.""}, {""rotulo"": ""Acervo confirmado no Crea"", ""peso"": 30, ""pontos"": 30, ""detalhe"": ""4 documentos confirmados na área da demanda (ponto cheio a partir de 3).""}, {""rotulo"": ""Localização"", ""peso"": 15, ""pontos"": 15, ""detalhe"": ""Você atende Itacoatiara, onde fica a obra.""}, {""rotulo"": ""Avaliações recebidas"", ""peso"": 15, ""pontos"": 15, ""detalhe"": ""Média 4,9 em 31 avaliações de contratos registrados.""}]";Posso apresentar memorial de projetos parecidos.;[];enviada;22/09/2026
cand-0125;2026-152;Inspeção de vasos de pressão;Fluvial Logística do Norte;prof-015;"{""nome"": ""Isabela Barbosa Oliveira"", ""iniciais"": ""IO"", ""cor"": ""avatar-roxo"", ""titulo"": ""Engenheira eletricista"", ""registro"": ""Registro em regularização"", ""cidade"": ""Boa Vista"", ""uf"": ""RR"", ""nota"": 0, ""avaliacoes"": 0, ""verificado"": false, ""competencias"": [""Subestação"", ""Automação predial"", ""Eficiência energética"", ""Sistemas de combate a incêndio""]}";40;"[{""rotulo"": ""Área de atuação"", ""peso"": 40, ""pontos"": 40, ""detalhe"": ""Você atua em Mecânica, que é o que a demanda exige.""}, {""rotulo"": ""Acervo confirmado no Crea"", ""peso"": 30, ""pontos"": 0, ""detalhe"": ""Nenhuma ART ou CAT confirmada nessa área.""}, {""rotulo"": ""Localização"", ""peso"": 15, ""pontos"": 0, ""detalhe"": ""A obra fica em Itacoatiara, fora da sua região de atendimento.""}, {""rotulo"": ""Avaliações recebidas"", ""peso"": 15, ""pontos"": 0, ""detalhe"": ""Ainda sem avaliações na plataforma.""}]";Atuo na região e tenho equipe para começar no prazo.;[];recusada;20/09/2026
cand-0126;2026-152;Inspeção de vasos de pressão;Fluvial Logística do Norte;prof-051;"{""nome"": ""Juliana Tavares Vieira"", ""iniciais"": ""JV"", ""cor"": ""avatar-roxo"", ""titulo"": ""Engenheira agrônoma"", ""registro"": ""CREA-AM 032570/D"", ""cidade"": ""Maués"", ""uf"": ""AM"", ""nota"": 4.6, ""avaliacoes"": 18, ""verificado"": true, ""competencias"": [""Receituário agronômico"", ""Sistemas agroflorestais"", ""Irrigação"", ""Manejo de solo""]}";14;"[{""rotulo"": ""Área de atuação"", ""peso"": 40, ""pontos"": 0, ""detalhe"": ""A demanda exige Mecânica, fora das suas áreas.""}, {""rotulo"": ""Acervo confirmado no Crea"", ""peso"": 30, ""pontos"": 0, ""detalhe"": ""Nenhuma ART ou CAT confirmada nessa área.""}, {""rotulo"": ""Localização"", ""peso"": 15, ""pontos"": 0, ""detalhe"": ""A obra fica em Itacoatiara, fora da sua região de atendimento.""}, {""rotulo"": ""Avaliações recebidas"", ""peso"": 15, ""pontos"": 14, ""detalhe"": ""Média 4,6 em 18 avaliações de contratos registrados.""}]";Já trabalhei com esse tipo de serviço em 2025, com ART registrada.;[];visualizada;20/09/2026
cand-0127;2026-153;Estabilidade de talude;AgroVale Amazonas;prof-021;"{""nome"": ""Débora Queiroz Souza"", ""iniciais"": ""DS"", ""cor"": ""avatar-verde"", ""titulo"": ""Engenheira civil"", ""registro"": ""CREA-AM 047130/D"", ""cidade"": ""Manaus"", ""uf"": ""AM"", ""nota"": 4.4, ""avaliacoes"": 2, ""verificado"": true, ""competencias"": [""Revit"", ""Planejamento de obra"", ""Compatibilização de projetos"", ""Orçamento e SINAPI"", ""Estabilidade de taludes""]}";62;"[{""rotulo"": ""Área de atuação"", ""peso"": 40, ""pontos"": 40, ""detalhe"": ""Você atua em Geotecnia, que é o que a demanda exige.""}, {""rotulo"": ""Acervo confirmado no Crea"", ""peso"": 30, ""pontos"": 0, ""detalhe"": ""Nenhuma ART ou CAT confirmada nessa área.""}, {""rotulo"": ""Localização"", ""peso"": 15, ""pontos"": 9, ""detalhe"": ""A obra é em Presidente Figueiredo; você declarou atender todo o AM.""}, {""rotulo"": ""Avaliações recebidas"", ""peso"": 15, ""pontos"": 13, ""detalhe"": ""Média 4,4 em 2 avaliações de contratos registrados.""}]";Tenho acervo em obra semelhante e disponibilidade imediata.;[];enviada;21/09/2026
cand-0128;2026-153;Estabilidade de talude;AgroVale Amazonas;prof-029;"{""nome"": ""Tatiane Vieira Soares"", ""iniciais"": ""TS"", ""cor"": """", ""titulo"": ""Geóloga"", ""registro"": ""Registro em regularização"", ""cidade"": ""Coari"", ""uf"": ""AM"", ""nota"": 4.4, ""avaliacoes"": 1, ""verificado"": false, ""competencias"": [""Estabilidade de taludes"", ""Hidrogeologia""]}";53;"[{""rotulo"": ""Área de atuação"", ""peso"": 40, ""pontos"": 40, ""detalhe"": ""Você atua em Geotecnia, que é o que a demanda exige.""}, {""rotulo"": ""Acervo confirmado no Crea"", ""peso"": 30, ""pontos"": 0, ""detalhe"": ""Nenhuma ART ou CAT confirmada nessa área.""}, {""rotulo"": ""Localização"", ""peso"": 15, ""pontos"": 0, ""detalhe"": ""A obra fica em Presidente Figueiredo, fora da sua região de atendimento.""}, {""rotulo"": ""Avaliações recebidas"", ""peso"": 15, ""pontos"": 13, ""detalhe"": ""Média 4,4 em 1 avaliações de contratos registrados.""}]";Tenho interesse e posso visitar o local nesta semana.;[];enviada;21/09/2026
cand-0129;2026-153;Estabilidade de talude;AgroVale Amazonas;prof-009;"{""nome"": ""Raquel Souza Castro"", ""iniciais"": ""RC"", ""cor"": ""avatar-ambar"", ""titulo"": ""Geóloga"", ""registro"": ""CREA-AM 018870/D"", ""cidade"": ""Iranduba"", ""uf"": ""AM"", ""nota"": 4.1, ""avaliacoes"": 31, ""verificado"": true, ""competencias"": [""Estabilidade de taludes"", ""Contenções"", ""Sondagem"", ""Hidrogeologia""]}";91;"[{""rotulo"": ""Área de atuação"", ""peso"": 40, ""pontos"": 40, ""detalhe"": ""Você atua em Geotecnia, que é o que a demanda exige.""}, {""rotulo"": ""Acervo confirmado no Crea"", ""peso"": 30, ""pontos"": 30, ""detalhe"": ""6 documentos confirmados na área da demanda (ponto cheio a partir de 3).""}, {""rotulo"": ""Localização"", ""peso"": 15, ""pontos"": 9, ""detalhe"": ""A obra é em Presidente Figueiredo; você declarou atender todo o AM.""}, {""rotulo"": ""Avaliações recebidas"", ""peso"": 15, ""pontos"": 12, ""detalhe"": ""Média 4,1 em 31 avaliações de contratos registrados.""}]";Tenho acervo em obra semelhante e disponibilidade imediata.;[];visualizada;22/09/2026
cand-0130;2026-153;Estabilidade de talude;AgroVale Amazonas;prof-024;"{""nome"": ""Fábio Vieira Ferreira"", ""iniciais"": ""FF"", ""cor"": ""avatar-ambar"", ""titulo"": ""Engenheiro eletricista"", ""registro"": ""CREA-AM 030836/D"", ""cidade"": ""Manaus"", ""uf"": ""AM"", ""nota"": 4.3, ""avaliacoes"": 24, ""verificado"": true, ""competencias"": [""Eficiência energética"", ""Projeto elétrico"", ""Laudo de instalações elétricas"", ""Hidrogeologia""]}";82;"[{""rotulo"": ""Área de atuação"", ""peso"": 40, ""pontos"": 40, ""detalhe"": ""Você atua em Geotecnia, que é o que a demanda exige.""}, {""rotulo"": ""Acervo confirmado no Crea"", ""peso"": 30, ""pontos"": 20, ""detalhe"": ""2 documentos confirmados na área da demanda (ponto cheio a partir de 3).""}, {""rotulo"": ""Localização"", ""peso"": 15, ""pontos"": 9, ""detalhe"": ""A obra é em Presidente Figueiredo; você declarou atender todo o AM.""}, {""rotulo"": ""Avaliações recebidas"", ""peso"": 15, ""pontos"": 13, ""detalhe"": ""Média 4,3 em 24 avaliações de contratos registrados.""}]";Posso apresentar memorial de projetos parecidos.;[];enviada;23/09/2026
cand-0131;2026-153;Estabilidade de talude;AgroVale Amazonas;prof-039;"{""nome"": ""Pedro Menezes Lima"", ""iniciais"": ""PL"", ""cor"": ""avatar-ambar"", ""titulo"": ""Geólogo"", ""registro"": ""CREA-AM 050816/D"", ""cidade"": ""Manaus"", ""uf"": ""AM"", ""nota"": 4.4, ""avaliacoes"": 18, ""verificado"": true, ""competencias"": [""Hidrogeologia"", ""Estabilidade de taludes"", ""Sondagem"", ""Montagem industrial""]}";83;"[{""rotulo"": ""Área de atuação"", ""peso"": 40, ""pontos"": 40, ""detalhe"": ""Você atua em Geotecnia, que é o que a demanda exige.""}, {""rotulo"": ""Acervo confirmado no Crea"", ""peso"": 30, ""pontos"": 30, ""detalhe"": ""4 documentos confirmados na área da demanda (ponto cheio a partir de 3).""}, {""rotulo"": ""Localização"", ""peso"": 15, ""pontos"": 0, ""detalhe"": ""A obra fica em Presidente Figueiredo, fora da sua região de atendimento.""}, {""rotulo"": ""Avaliações recebidas"", ""peso"": 15, ""pontos"": 13, ""detalhe"": ""Média 4,4 em 18 avaliações de contratos registrados.""}]";Tenho acervo em obra semelhante e disponibilidade imediata.;[];enviada;24/09/2026
cand-0132;2026-153;Estabilidade de talude;AgroVale Amazonas;prof-034;"{""nome"": ""Fábio Soares Teixeira"", ""iniciais"": ""FT"", ""cor"": ""avatar-roxo"", ""titulo"": ""Engenheiro civil"", ""registro"": ""CREA-AM 035754/D"", ""cidade"": ""Manaus"", ""uf"": ""AM"", ""nota"": 4.2, ""avaliacoes"": 9, ""verificado"": true, ""competencias"": [""Fundações profundas"", ""Fiscalização de obra"", ""Cálculo estrutural"", ""Laudos técnicos""]}";22;"[{""rotulo"": ""Área de atuação"", ""peso"": 40, ""pontos"": 0, ""detalhe"": ""A demanda exige Geotecnia, fora das suas áreas.""}, {""rotulo"": ""Acervo confirmado no Crea"", ""peso"": 30, ""pontos"": 0, ""detalhe"": ""Nenhuma ART ou CAT confirmada nessa área.""}, {""rotulo"": ""Localização"", ""peso"": 15, ""pontos"": 9, ""detalhe"": ""A obra é em Presidente Figueiredo; você declarou atender todo o AM.""}, {""rotulo"": ""Avaliações recebidas"", ""peso"": 15, ""pontos"": 13, ""detalhe"": ""Média 4,2 em 9 avaliações de contratos registrados.""}]";Posso apresentar memorial de projetos parecidos.;[];recusada;22/09/2026
cand-0133;2026-154;Fiscalização de obra de saneamento;Hospital Cidade Nova;prof-055;"{""nome"": ""Igor Farias Carvalho"", ""iniciais"": ""IC"", ""cor"": ""avatar-ambar"", ""titulo"": ""Engenheiro sanitarista"", ""registro"": ""Registro em regularização"", ""cidade"": ""Boa Vista"", ""uf"": ""RR"", ""nota"": 3.9, ""avaliacoes"": 1, ""verificado"": false, ""competencias"": [""Drenagem urbana"", ""Hidrossanitário predial"", ""Monitoramento ambiental""]}";52;"[{""rotulo"": ""Área de atuação"", ""peso"": 40, ""pontos"": 40, ""detalhe"": ""Você atua em Hidráulica, que é o que a demanda exige.""}, {""rotulo"": ""Acervo confirmado no Crea"", ""peso"": 30, ""pontos"": 0, ""detalhe"": ""Nenhuma ART ou CAT confirmada nessa área.""}, {""rotulo"": ""Localização"", ""peso"": 15, ""pontos"": 0, ""detalhe"": ""A obra fica em Manaus, fora da sua região de atendimento.""}, {""rotulo"": ""Avaliações recebidas"", ""peso"": 15, ""pontos"": 12, ""detalhe"": ""Média 3,9 em 1 avaliações de contratos registrados.""}]";Tenho interesse e posso visitar o local nesta semana.;[];conversa;23/09/2026
cand-0134;2026-154;Fiscalização de obra de saneamento;Hospital Cidade Nova;prof-012;"{""nome"": ""Henrique Castro Rocha"", ""iniciais"": ""HR"", ""cor"": ""avatar-roxo"", ""titulo"": ""Engenheiro civil"", ""registro"": ""CREA-AM 022190/D"", ""cidade"": ""Manaus"", ""uf"": ""AM"", ""nota"": 4.1, ""avaliacoes"": 2, ""verificado"": true, ""competencias"": [""Fundações profundas"", ""Alvenaria estrutural"", ""Hidrossanitário predial""]}";67;"[{""rotulo"": ""Área de atuação"", ""peso"": 40, ""pontos"": 40, ""detalhe"": ""Você atua em Hidráulica, que é o que a demanda exige.""}, {""rotulo"": ""Acervo confirmado no Crea"", ""peso"": 30, ""pontos"": 0, ""detalhe"": ""Nenhuma ART ou CAT confirmada nessa área.""}, {""rotulo"": ""Localização"", ""peso"": 15, ""pontos"": 15, ""detalhe"": ""Você atende Manaus, onde fica a obra.""}, {""rotulo"": ""Avaliações recebidas"", ""peso"": 15, ""pontos"": 12, ""detalhe"": ""Média 4,1 em 2 avaliações de contratos registrados.""}]";;[];conversa;16/09/2026
cand-0135;2026-154;Fiscalização de obra de saneamento;Hospital Cidade Nova;prof-035;"{""nome"": ""Priscila Costa Silva"", ""iniciais"": ""PS"", ""cor"": """", ""titulo"": ""Engenheira sanitarista"", ""registro"": ""CREA-AM 034873/D"", ""cidade"": ""Maués"", ""uf"": ""AM"", ""nota"": 3.9, ""avaliacoes"": 2, ""verificado"": true, ""competencias"": [""Estações de tratamento"", ""Hidrossanitário predial"", ""Projeto elétrico""]}";91;"[{""rotulo"": ""Área de atuação"", ""peso"": 40, ""pontos"": 40, ""detalhe"": ""Você atua em Hidráulica, que é o que a demanda exige.""}, {""rotulo"": ""Acervo confirmado no Crea"", ""peso"": 30, ""pontos"": 30, ""detalhe"": ""3 documentos confirmados na área da demanda (ponto cheio a partir de 3).""}, {""rotulo"": ""Localização"", ""peso"": 15, ""pontos"": 9, ""detalhe"": ""A obra é em Manaus; você declarou atender todo o AM.""}, {""rotulo"": ""Avaliações recebidas"", ""peso"": 15, ""pontos"": 12, ""detalhe"": ""Média 3,9 em 2 avaliações de contratos registrados.""}]";Tenho interesse e posso visitar o local nesta semana.;[];visualizada;22/09/2026
cand-0136;2026-156;Inspeção de vasos de pressão;Hospital Cidade Nova;prof-039;"{""nome"": ""Pedro Menezes Lima"", ""iniciais"": ""PL"", ""cor"": ""avatar-ambar"", ""titulo"": ""Geólogo"", ""registro"": ""CREA-AM 050816/D"", ""cidade"": ""Manaus"", ""uf"": ""AM"", ""nota"": 4.4, ""avaliacoes"": 18, ""verificado"": true, ""competencias"": [""Hidrogeologia"", ""Estabilidade de taludes"", ""Sondagem"", ""Montagem industrial""]}";88;"[{""rotulo"": ""Área de atuação"", ""peso"": 40, ""pontos"": 40, ""detalhe"": ""Você atua em Mecânica, que é o que a demanda exige.""}, {""rotulo"": ""Acervo confirmado no Crea"", ""peso"": 30, ""pontos"": 20, ""detalhe"": ""2 documentos confirmados na área da demanda (ponto cheio a partir de 3).""}, {""rotulo"": ""Localização"", ""peso"": 15, ""pontos"": 15, ""detalhe"": ""Você atende Manaus, onde fica a obra.""}, {""rotulo"": ""Avaliações recebidas"", ""peso"": 15, ""pontos"": 13, ""detalhe"": ""Média 4,4 em 18 avaliações de contratos registrados.""}]";Tenho acervo em obra semelhante e disponibilidade imediata.;[];enviada;23/09/2026
cand-0137;2026-156;Inspeção de vasos de pressão;Hospital Cidade Nova;prof-054;"{""nome"": ""Wagner Tavares Monteiro"", ""iniciais"": ""WM"", ""cor"": ""avatar-ambar"", ""titulo"": ""Engenheiro mecânico"", ""registro"": ""CREA-AM 058807/D"", ""cidade"": ""Manaus"", ""uf"": ""AM"", ""nota"": 4.5, ""avaliacoes"": 18, ""verificado"": true, ""competencias"": [""Vasos de pressão (NR-13)"", ""Climatização"", ""Montagem industrial""]}";99;"[{""rotulo"": ""Área de atuação"", ""peso"": 40, ""pontos"": 40, ""detalhe"": ""Você atua em Mecânica, que é o que a demanda exige.""}, {""rotulo"": ""Acervo confirmado no Crea"", ""peso"": 30, ""pontos"": 30, ""detalhe"": ""6 documentos confirmados na área da demanda (ponto cheio a partir de 3).""}, {""rotulo"": ""Localização"", ""peso"": 15, ""pontos"": 15, ""detalhe"": ""Você atende Manaus, onde fica a obra.""}, {""rotulo"": ""Avaliações recebidas"", ""peso"": 15, ""pontos"": 14, ""detalhe"": ""Média 4,5 em 18 avaliações de contratos registrados.""}]";;[];conversa;20/09/2026
cand-0138;2026-156;Inspeção de vasos de pressão;Hospital Cidade Nova;prof-007;"{""nome"": ""Fábio Oliveira Barbosa"", ""iniciais"": ""FB"", ""cor"": ""avatar-ambar"", ""titulo"": ""Engenheiro mecânico"", ""registro"": ""CREA-AM 045758/D"", ""cidade"": ""Manaus"", ""uf"": ""AM"", ""nota"": 4.7, ""avaliacoes"": 15, ""verificado"": true, ""competencias"": [""Sistemas de combate a incêndio"", ""Montagem industrial"", ""Monitoramento ambiental""]}";99;"[{""rotulo"": ""Área de atuação"", ""peso"": 40, ""pontos"": 40, ""detalhe"": ""Você atua em Mecânica, que é o que a demanda exige.""}, {""rotulo"": ""Acervo confirmado no Crea"", ""peso"": 30, ""pontos"": 30, ""detalhe"": ""5 documentos confirmados na área da demanda (ponto cheio a partir de 3).""}, {""rotulo"": ""Localização"", ""peso"": 15, ""pontos"": 15, ""detalhe"": ""Você atende Manaus, onde fica a obra.""}, {""rotulo"": ""Avaliações recebidas"", ""peso"": 15, ""pontos"": 14, ""detalhe"": ""Média 4,7 em 15 avaliações de contratos registrados.""}]";;[];enviada;22/09/2026
cand-0139;2026-156;Inspeção de vasos de pressão;Hospital Cidade Nova;prof-029;"{""nome"": ""Tatiane Vieira Soares"", ""iniciais"": ""TS"", ""cor"": """", ""titulo"": ""Geóloga"", ""registro"": ""Registro em regularização"", ""cidade"": ""Coari"", ""uf"": ""AM"", ""nota"": 4.4, ""avaliacoes"": 1, ""verificado"": false, ""competencias"": [""Estabilidade de taludes"", ""Hidrogeologia""]}";13;"[{""rotulo"": ""Área de atuação"", ""peso"": 40, ""pontos"": 0, ""detalhe"": ""A demanda exige Mecânica, fora das suas áreas.""}, {""rotulo"": ""Acervo confirmado no Crea"", ""peso"": 30, ""pontos"": 0, ""detalhe"": ""Nenhuma ART ou CAT confirmada nessa área.""}, {""rotulo"": ""Localização"", ""peso"": 15, ""pontos"": 0, ""detalhe"": ""A obra fica em Manaus, fora da sua região de atendimento.""}, {""rotulo"": ""Avaliações recebidas"", ""peso"": 15, ""pontos"": 13, ""detalhe"": ""Média 4,4 em 1 avaliações de contratos registrados.""}]";Atuo na região e tenho equipe para começar no prazo.;[];visualizada;23/09/2026
cand-0140;2026-157;Inspeção de vasos de pressão;Climatiza Norte;prof-031;"{""nome"": ""Carlos Vieira Farias"", ""iniciais"": ""CF"", ""cor"": ""avatar-roxo"", ""titulo"": ""Engenheiro mecânico"", ""registro"": ""Registro em regularização"", ""cidade"": ""Itacoatiara"", ""uf"": ""AM"", ""nota"": 0, ""avaliacoes"": 0, ""verificado"": false, ""competencias"": [""Vasos de pressão (NR-13)"", ""Montagem industrial""]}";49;"[{""rotulo"": ""Área de atuação"", ""peso"": 40, ""pontos"": 40, ""detalhe"": ""Você atua em Mecânica, que é o que a demanda exige.""}, {""rotulo"": ""Acervo confirmado no Crea"", ""peso"": 30, ""pontos"": 0, ""detalhe"": ""Nenhuma ART ou CAT confirmada nessa área.""}, {""rotulo"": ""Localização"", ""peso"": 15, ""pontos"": 9, ""detalhe"": ""A obra é em Manaus; você declarou atender todo o AM.""}, {""rotulo"": ""Avaliações recebidas"", ""peso"": 15, ""pontos"": 0, ""detalhe"": ""Ainda sem avaliações na plataforma.""}]";Já trabalhei com esse tipo de serviço em 2025, com ART registrada.;[];conversa;23/09/2026
cand-0141;2026-157;Inspeção de vasos de pressão;Climatiza Norte;prof-024;"{""nome"": ""Fábio Vieira Ferreira"", ""iniciais"": ""FF"", ""cor"": ""avatar-ambar"", ""titulo"": ""Engenheiro eletricista"", ""registro"": ""CREA-AM 030836/D"", ""cidade"": ""Manaus"", ""uf"": ""AM"", ""nota"": 4.3, ""avaliacoes"": 24, ""verificado"": true, ""competencias"": [""Eficiência energética"", ""Projeto elétrico"", ""Laudo de instalações elétricas"", ""Hidrogeologia""]}";28;"[{""rotulo"": ""Área de atuação"", ""peso"": 40, ""pontos"": 0, ""detalhe"": ""A demanda exige Mecânica, fora das suas áreas.""}, {""rotulo"": ""Acervo confirmado no Crea"", ""peso"": 30, ""pontos"": 0, ""detalhe"": ""Nenhuma ART ou CAT confirmada nessa área.""}, {""rotulo"": ""Localização"", ""peso"": 15, ""pontos"": 15, ""detalhe"": ""Você atende Manaus, onde fica a obra.""}, {""rotulo"": ""Avaliações recebidas"", ""peso"": 15, ""pontos"": 13, ""detalhe"": ""Média 4,3 em 24 avaliações de contratos registrados.""}]";;[];conversa;17/09/2026
cand-0142;2026-158;SPDA e aterramento;Climatiza Norte;prof-043;"{""nome"": ""Marcelo Castro Santana"", ""iniciais"": ""MS"", ""cor"": ""avatar-ambar"", ""titulo"": ""Engenheiro eletricista"", ""registro"": ""CREA-RO 043895/D"", ""cidade"": ""Porto Velho"", ""uf"": ""RO"", ""nota"": 4.3, ""avaliacoes"": 2, ""verificado"": true, ""competencias"": [""Laudo de instalações elétricas"", ""Subestação"", ""SPDA"", ""Automação predial""]}";83;"[{""rotulo"": ""Área de atuação"", ""peso"": 40, ""pontos"": 40, ""detalhe"": ""Você atua em Elétrica, que é o que a demanda exige.""}, {""rotulo"": ""Acervo confirmado no Crea"", ""peso"": 30, ""pontos"": 30, ""detalhe"": ""4 documentos confirmados na área da demanda (ponto cheio a partir de 3).""}, {""rotulo"": ""Localização"", ""peso"": 15, ""pontos"": 0, ""detalhe"": ""A obra fica em Manaus, fora da sua região de atendimento.""}, {""rotulo"": ""Avaliações recebidas"", ""peso"": 15, ""pontos"": 13, ""detalhe"": ""Média 4,3 em 2 avaliações de contratos registrados.""}]";Tenho interesse e posso visitar o local nesta semana.;[];recusada;09/09/2026
cand-0143;2026-158;SPDA e aterramento;Climatiza Norte;prof-060;"{""nome"": ""Aline Menezes Cardoso"", ""iniciais"": ""AC"", ""cor"": ""avatar-verde"", ""titulo"": ""Engenheira eletricista"", ""registro"": ""CREA-AM 021355/D"", ""cidade"": ""Manaus"", ""uf"": ""AM"", ""nota"": 4.6, ""avaliacoes"": 15, ""verificado"": true, ""competencias"": [""Automação predial"", ""Projeto elétrico"", ""Subestação""]}";79;"[{""rotulo"": ""Área de atuação"", ""peso"": 40, ""pontos"": 40, ""detalhe"": ""Você atua em Elétrica, que é o que a demanda exige.""}, {""rotulo"": ""Acervo confirmado no Crea"", ""peso"": 30, ""pontos"": 10, ""detalhe"": ""1 documento confirmado na área da demanda (ponto cheio a partir de 3).""}, {""rotulo"": ""Localização"", ""peso"": 15, ""pontos"": 15, ""detalhe"": ""Você atende Manaus, onde fica a obra.""}, {""rotulo"": ""Avaliações recebidas"", ""peso"": 15, ""pontos"": 14, ""detalhe"": ""Média 4,6 em 15 avaliações de contratos registrados.""}]";Posso apresentar memorial de projetos parecidos.;[];enviada;12/09/2026
cand-0144;2026-158;SPDA e aterramento;Climatiza Norte;prof-015;"{""nome"": ""Isabela Barbosa Oliveira"", ""iniciais"": ""IO"", ""cor"": ""avatar-roxo"", ""titulo"": ""Engenheira eletricista"", ""registro"": ""Registro em regularização"", ""cidade"": ""Boa Vista"", ""uf"": ""RR"", ""nota"": 0, ""avaliacoes"": 0, ""verificado"": false, ""competencias"": [""Subestação"", ""Automação predial"", ""Eficiência energética"", ""Sistemas de combate a incêndio""]}";40;"[{""rotulo"": ""Área de atuação"", ""peso"": 40, ""pontos"": 40, ""detalhe"": ""Você atua em Elétrica, que é o que a demanda exige.""}, {""rotulo"": ""Acervo confirmado no Crea"", ""peso"": 30, ""pontos"": 0, ""detalhe"": ""Nenhuma ART ou CAT confirmada nessa área.""}, {""rotulo"": ""Localização"", ""peso"": 15, ""pontos"": 0, ""detalhe"": ""A obra fica em Manaus, fora da sua região de atendimento.""}, {""rotulo"": ""Avaliações recebidas"", ""peso"": 15, ""pontos"": 0, ""detalhe"": ""Ainda sem avaliações na plataforma.""}]";Posso apresentar memorial de projetos parecidos.;[];recusada;17/09/2026
cand-0145;2026-158;SPDA e aterramento;Climatiza Norte;prof-020;"{""nome"": ""Paula Lopes Gomes"", ""iniciais"": ""PG"", ""cor"": """", ""titulo"": ""Geóloga"", ""registro"": ""CREA-AM 057620/D"", ""cidade"": ""Iranduba"", ""uf"": ""AM"", ""nota"": 4.0, ""avaliacoes"": 15, ""verificado"": true, ""competencias"": [""Hidrogeologia"", ""Estabilidade de taludes"", ""Sondagem"", ""Contenções"", ""Drenagem urbana""]}";21;"[{""rotulo"": ""Área de atuação"", ""peso"": 40, ""pontos"": 0, ""detalhe"": ""A demanda exige Elétrica, fora das suas áreas.""}, {""rotulo"": ""Acervo confirmado no Crea"", ""peso"": 30, ""pontos"": 0, ""detalhe"": ""Nenhuma ART ou CAT confirmada nessa área.""}, {""rotulo"": ""Localização"", ""peso"": 15, ""pontos"": 9, ""detalhe"": ""A obra é em Manaus; você declarou atender todo o AM.""}, {""rotulo"": ""Avaliações recebidas"", ""peso"": 15, ""pontos"": 12, ""detalhe"": ""Média 4,0 em 15 avaliações de contratos registrados.""}]";;[];enviada;23/09/2026
cand-0146;2026-159;Projeto de climatização;Climatiza Norte;prof-054;"{""nome"": ""Wagner Tavares Monteiro"", ""iniciais"": ""WM"", ""cor"": ""avatar-ambar"", ""titulo"": ""Engenheiro mecânico"", ""registro"": ""CREA-AM 058807/D"", ""cidade"": ""Manaus"", ""uf"": ""AM"", ""nota"": 4.5, ""avaliacoes"": 18, ""verificado"": true, ""competencias"": [""Vasos de pressão (NR-13)"", ""Climatização"", ""Montagem industrial""]}";99;"[{""rotulo"": ""Área de atuação"", ""peso"": 40, ""pontos"": 40, ""detalhe"": ""Você atua em Mecânica, que é o que a demanda exige.""}, {""rotulo"": ""Acervo confirmado no Crea"", ""peso"": 30, ""pontos"": 30, ""detalhe"": ""6 documentos confirmados na área da demanda (ponto cheio a partir de 3).""}, {""rotulo"": ""Localização"", ""peso"": 15, ""pontos"": 15, ""detalhe"": ""Você atende Manaus, onde fica a obra.""}, {""rotulo"": ""Avaliações recebidas"", ""peso"": 15, ""pontos"": 14, ""detalhe"": ""Média 4,5 em 18 avaliações de contratos registrados.""}]";Posso apresentar memorial de projetos parecidos.;[];visualizada;09/09/2026
cand-0147;2026-159;Projeto de climatização;Climatiza Norte;prof-027;"{""nome"": ""Pedro Santana Freitas"", ""iniciais"": ""PF"", ""cor"": ""avatar-roxo"", ""titulo"": ""Engenheiro mecânico"", ""registro"": ""CREA-AM 053360/D"", ""cidade"": ""Manaus"", ""uf"": ""AM"", ""nota"": 4.2, ""avaliacoes"": 2, ""verificado"": true, ""competencias"": [""Montagem industrial"", ""Sistemas de combate a incêndio"", ""Estabilidade de taludes""]}";78;"[{""rotulo"": ""Área de atuação"", ""peso"": 40, ""pontos"": 40, ""detalhe"": ""Você atua em Mecânica, que é o que a demanda exige.""}, {""rotulo"": ""Acervo confirmado no Crea"", ""peso"": 30, ""pontos"": 10, ""detalhe"": ""1 documento confirmado na área da demanda (ponto cheio a partir de 3).""}, {""rotulo"": ""Localização"", ""peso"": 15, ""pontos"": 15, ""detalhe"": ""Você atende Manaus, onde fica a obra.""}, {""rotulo"": ""Avaliações recebidas"", ""peso"": 15, ""pontos"": 13, ""detalhe"": ""Média 4,2 em 2 avaliações de contratos registrados.""}]";Tenho interesse e posso visitar o local nesta semana.;[];enviada;12/09/2026
cand-0148;2026-159;Projeto de climatização;Climatiza Norte;prof-015;"{""nome"": ""Isabela Barbosa Oliveira"", ""iniciais"": ""IO"", ""cor"": ""avatar-roxo"", ""titulo"": ""Engenheira eletricista"", ""registro"": ""Registro em regularização"", ""cidade"": ""Boa Vista"", ""uf"": ""RR"", ""nota"": 0, ""avaliacoes"": 0, ""verificado"": false, ""competencias"": [""Subestação"", ""Automação predial"", ""Eficiência energética"", ""Sistemas de combate a incêndio""]}";40;"[{""rotulo"": ""Área de atuação"", ""peso"": 40, ""pontos"": 40, ""detalhe"": ""Você atua em Mecânica, que é o que a demanda exige.""}, {""rotulo"": ""Acervo confirmado no Crea"", ""peso"": 30, ""pontos"": 0, ""detalhe"": ""Nenhuma ART ou CAT confirmada nessa área.""}, {""rotulo"": ""Localização"", ""peso"": 15, ""pontos"": 0, ""detalhe"": ""A obra fica em Manaus, fora da sua região de atendimento.""}, {""rotulo"": ""Avaliações recebidas"", ""peso"": 15, ""pontos"": 0, ""detalhe"": ""Ainda sem avaliações na plataforma.""}]";;[];enviada;03/09/2026
cand-0149;2026-159;Projeto de climatização;Climatiza Norte;prof-026;"{""nome"": ""Sérgio Martins Moraes"", ""iniciais"": ""SM"", ""cor"": ""avatar-verde"", ""titulo"": ""Engenheiro civil"", ""registro"": ""CREA-AM 029703/D"", ""cidade"": ""Parintins"", ""uf"": ""AM"", ""nota"": 0, ""avaliacoes"": 0, ""verificado"": true, ""competencias"": [""Compatibilização de projetos"", ""Orçamento e SINAPI"", ""Revit"", ""Planejamento de obra"", ""Manutenção industrial""]}";49;"[{""rotulo"": ""Área de atuação"", ""peso"": 40, ""pontos"": 40, ""detalhe"": ""Você atua em Mecânica, que é o que a demanda exige.""}, {""rotulo"": ""Acervo confirmado no Crea"", ""peso"": 30, ""pontos"": 0, ""detalhe"": ""Nenhuma ART ou CAT confirmada nessa área.""}, {""rotulo"": ""Localização"", ""peso"": 15, ""pontos"": 9, ""detalhe"": ""A obra é em Manaus; você declarou atender todo o AM.""}, {""rotulo"": ""Avaliações recebidas"", ""peso"": 15, ""pontos"": 0, ""detalhe"": ""Ainda sem avaliações na plataforma.""}]";Tenho acervo em obra semelhante e disponibilidade imediata.;[];enviada;11/09/2026
cand-0150;2026-159;Projeto de climatização;Climatiza Norte;prof-016;"{""nome"": ""Sabrina Santos Farias"", ""iniciais"": ""SF"", ""cor"": """", ""titulo"": ""Engenheira mecânica"", ""registro"": ""CREA-AM 020624/D"", ""cidade"": ""Manaus"", ""uf"": ""AM"", ""nota"": 0, ""avaliacoes"": 0, ""verificado"": true, ""competencias"": [""Vasos de pressão (NR-13)"", ""Tubulação industrial"", ""Climatização"", ""Sistemas de combate a incêndio""]}";85;"[{""rotulo"": ""Área de atuação"", ""peso"": 40, ""pontos"": 40, ""detalhe"": ""Você atua em Mecânica, que é o que a demanda exige.""}, {""rotulo"": ""Acervo confirmado no Crea"", ""peso"": 30, ""pontos"": 30, ""detalhe"": ""3 documentos confirmados na área da demanda (ponto cheio a partir de 3).""}, {""rotulo"": ""Localização"", ""peso"": 15, ""pontos"": 15, ""detalhe"": ""Você atende Manaus, onde fica a obra.""}, {""rotulo"": ""Avaliações recebidas"", ""peso"": 15, ""pontos"": 0, ""detalhe"": ""Ainda sem avaliações na plataforma.""}]";Atuo na região e tenho equipe para começar no prazo.;[];recusada;06/09/2026
cand-0151;2026-159;Projeto de climatização;Climatiza Norte;prof-023;"{""nome"": ""Leonardo Almeida Cardoso"", ""iniciais"": ""L"", ""cor"": ""avatar-verde"", ""titulo"": ""Engenheiro ambiental"", ""registro"": ""CREA-AM 023524/D"", ""cidade"": ""Manaus"", ""uf"": ""AM"", ""nota"": 4.9, ""avaliacoes"": 4, ""verificado"": true, ""competencias"": [""Licenciamento"", ""Monitoramento ambiental"", ""Estudos de impacto"", ""PGRS""]}";30;"[{""rotulo"": ""Área de atuação"", ""peso"": 40, ""pontos"": 0, ""detalhe"": ""A demanda exige Mecânica, fora das suas áreas.""}, {""rotulo"": ""Acervo confirmado no Crea"", ""peso"": 30, ""pontos"": 0, ""detalhe"": ""Nenhuma ART ou CAT confirmada nessa área.""}, {""rotulo"": ""Localização"", ""peso"": 15, ""pontos"": 15, ""detalhe"": ""Você atende Manaus, onde fica a obra.""}, {""rotulo"": ""Avaliações recebidas"", ""peso"": 15, ""pontos"": 15, ""detalhe"": ""Média 4,9 em 4 avaliações de contratos registrados.""}]";Posso apresentar memorial de projetos parecidos.;[];conversa;14/09/2026
cand-0152;2026-160;Fiscalização de obra de saneamento;Prefeitura de Tefé;prof-055;"{""nome"": ""Igor Farias Carvalho"", ""iniciais"": ""IC"", ""cor"": ""avatar-ambar"", ""titulo"": ""Engenheiro sanitarista"", ""registro"": ""Registro em regularização"", ""cidade"": ""Boa Vista"", ""uf"": ""RR"", ""nota"": 3.9, ""avaliacoes"": 1, ""verificado"": false, ""competencias"": [""Drenagem urbana"", ""Hidrossanitário predial"", ""Monitoramento ambiental""]}";52;"[{""rotulo"": ""Área de atuação"", ""peso"": 40, ""pontos"": 40, ""detalhe"": ""Você atua em Hidráulica, que é o que a demanda exige.""}, {""rotulo"": ""Acervo confirmado no Crea"", ""peso"": 30, ""pontos"": 0, ""detalhe"": ""Nenhuma ART ou CAT confirmada nessa área.""}, {""rotulo"": ""Localização"", ""peso"": 15, ""pontos"": 0, ""detalhe"": ""A obra fica em Tefé, fora da sua região de atendimento.""}, {""rotulo"": ""Avaliações recebidas"", ""peso"": 15, ""pontos"": 12, ""detalhe"": ""Média 3,9 em 1 avaliações de contratos registrados.""}]";Tenho acervo em obra semelhante e disponibilidade imediata.;[];enviada;14/09/2026
cand-0153;2026-160;Fiscalização de obra de saneamento;Prefeitura de Tefé;prof-012;"{""nome"": ""Henrique Castro Rocha"", ""iniciais"": ""HR"", ""cor"": ""avatar-roxo"", ""titulo"": ""Engenheiro civil"", ""registro"": ""CREA-AM 022190/D"", ""cidade"": ""Manaus"", ""uf"": ""AM"", ""nota"": 4.1, ""avaliacoes"": 2, ""verificado"": true, ""competencias"": [""Fundações profundas"", ""Alvenaria estrutural"", ""Hidrossanitário predial""]}";61;"[{""rotulo"": ""Área de atuação"", ""peso"": 40, ""pontos"": 40, ""detalhe"": ""Você atua em Hidráulica, que é o que a demanda exige.""}, {""rotulo"": ""Acervo confirmado no Crea"", ""peso"": 30, ""pontos"": 0, ""detalhe"": ""Nenhuma ART ou CAT confirmada nessa área.""}, {""rotulo"": ""Localização"", ""peso"": 15, ""pontos"": 9, ""detalhe"": ""A obra é em Tefé; você declarou atender todo o AM.""}, {""rotulo"": ""Avaliações recebidas"", ""peso"": 15, ""pontos"": 12, ""detalhe"": ""Média 4,1 em 2 avaliações de contratos registrados.""}]";Já trabalhei com esse tipo de serviço em 2025, com ART registrada.;[];enviada;15/09/2026
cand-0154;2026-160;Fiscalização de obra de saneamento;Prefeitura de Tefé;prof-008;"{""nome"": ""Thiago Teixeira Souza"", ""iniciais"": ""TS"", ""cor"": ""avatar-ambar"", ""titulo"": ""Engenheiro agrônomo"", ""registro"": ""CREA-AM 043762/D"", ""cidade"": ""Manaus"", ""uf"": ""AM"", ""nota"": 4.7, ""avaliacoes"": 15, ""verificado"": true, ""competencias"": [""Irrigação"", ""Receituário agronômico"", ""Manejo de solo"", ""Georreferenciamento rural"", ""Saneamento""]}";64;"[{""rotulo"": ""Área de atuação"", ""peso"": 40, ""pontos"": 40, ""detalhe"": ""Você atua em Hidráulica, que é o que a demanda exige.""}, {""rotulo"": ""Acervo confirmado no Crea"", ""peso"": 30, ""pontos"": 10, ""detalhe"": ""1 documento confirmado na área da demanda (ponto cheio a partir de 3).""}, {""rotulo"": ""Localização"", ""peso"": 15, ""pontos"": 0, ""detalhe"": ""A obra fica em Tefé, fora da sua região de atendimento.""}, {""rotulo"": ""Avaliações recebidas"", ""peso"": 15, ""pontos"": 14, ""detalhe"": ""Média 4,7 em 15 avaliações de contratos registrados.""}]";Tenho acervo em obra semelhante e disponibilidade imediata.;[];conversa;16/09/2026
cand-0155;2026-162;Projeto elétrico industrial;Sol da Amazônia Fotovoltaica;prof-043;"{""nome"": ""Marcelo Castro Santana"", ""iniciais"": ""MS"", ""cor"": ""avatar-ambar"", ""titulo"": ""Engenheiro eletricista"", ""registro"": ""CREA-RO 043895/D"", ""cidade"": ""Porto Velho"", ""uf"": ""RO"", ""nota"": 4.3, ""avaliacoes"": 2, ""verificado"": true, ""competencias"": [""Laudo de instalações elétricas"", ""Subestação"", ""SPDA"", ""Automação predial""]}";83;"[{""rotulo"": ""Área de atuação"", ""peso"": 40, ""pontos"": 40, ""detalhe"": ""Você atua em Elétrica, que é o que a demanda exige.""}, {""rotulo"": ""Acervo confirmado no Crea"", ""peso"": 30, ""pontos"": 30, ""detalhe"": ""4 documentos confirmados na área da demanda (ponto cheio a partir de 3).""}, {""rotulo"": ""Localização"", ""peso"": 15, ""pontos"": 0, ""detalhe"": ""A obra fica em Manaus, fora da sua região de atendimento.""}, {""rotulo"": ""Avaliações recebidas"", ""peso"": 15, ""pontos"": 13, ""detalhe"": ""Média 4,3 em 2 avaliações de contratos registrados.""}]";;[];enviada;24/09/2026
cand-0156;2026-162;Projeto elétrico industrial;Sol da Amazônia Fotovoltaica;prof-060;"{""nome"": ""Aline Menezes Cardoso"", ""iniciais"": ""AC"", ""cor"": ""avatar-verde"", ""titulo"": ""Engenheira eletricista"", ""registro"": ""CREA-AM 021355/D"", ""cidade"": ""Manaus"", ""uf"": ""AM"", ""nota"": 4.6, ""avaliacoes"": 15, ""verificado"": true, ""competencias"": [""Automação predial"", ""Projeto elétrico"", ""Subestação""]}";79;"[{""rotulo"": ""Área de atuação"", ""peso"": 40, ""pontos"": 40, ""detalhe"": ""Você atua em Elétrica, que é o que a demanda exige.""}, {""rotulo"": ""Acervo confirmado no Crea"", ""peso"": 30, ""pontos"": 10, ""detalhe"": ""1 documento confirmado na área da demanda (ponto cheio a partir de 3).""}, {""rotulo"": ""Localização"", ""peso"": 15, ""pontos"": 15, ""detalhe"": ""Você atende Manaus, onde fica a obra.""}, {""rotulo"": ""Avaliações recebidas"", ""peso"": 15, ""pontos"": 14, ""detalhe"": ""Média 4,6 em 15 avaliações de contratos registrados.""}]";Já trabalhei com esse tipo de serviço em 2025, com ART registrada.;[];conversa;17/09/2026
cand-0157;2026-163;Estabilidade de talude;GeoMapa Levantamentos;prof-016;"{""nome"": ""Sabrina Santos Farias"", ""iniciais"": ""SF"", ""cor"": """", ""titulo"": ""Engenheira mecânica"", ""registro"": ""CREA-AM 020624/D"", ""cidade"": ""Manaus"", ""uf"": ""AM"", ""nota"": 0, ""avaliacoes"": 0, ""verificado"": true, ""competencias"": [""Vasos de pressão (NR-13)"", ""Tubulação industrial"", ""Climatização"", ""Sistemas de combate a incêndio""]}";15;"[{""rotulo"": ""Área de atuação"", ""peso"": 40, ""pontos"": 0, ""detalhe"": ""A demanda exige Geotecnia, fora das suas áreas.""}, {""rotulo"": ""Acervo confirmado no Crea"", ""peso"": 30, ""pontos"": 0, ""detalhe"": ""Nenhuma ART ou CAT confirmada nessa área.""}, {""rotulo"": ""Localização"", ""peso"": 15, ""pontos"": 15, ""detalhe"": ""Você atende Manaus, onde fica a obra.""}, {""rotulo"": ""Avaliações recebidas"", ""peso"": 15, ""pontos"": 0, ""detalhe"": ""Ainda sem avaliações na plataforma.""}]";;[];conversa;07/09/2026
cand-0158;2026-164;Usina solar fotovoltaica;Condomínio Industrial Aleixo;prof-035;"{""nome"": ""Priscila Costa Silva"", ""iniciais"": ""PS"", ""cor"": """", ""titulo"": ""Engenheira sanitarista"", ""registro"": ""CREA-AM 034873/D"", ""cidade"": ""Maués"", ""uf"": ""AM"", ""nota"": 3.9, ""avaliacoes"": 2, ""verificado"": true, ""competencias"": [""Estações de tratamento"", ""Hidrossanitário predial"", ""Projeto elétrico""]}";81;"[{""rotulo"": ""Área de atuação"", ""peso"": 40, ""pontos"": 40, ""detalhe"": ""Você atua em Elétrica, que é o que a demanda exige.""}, {""rotulo"": ""Acervo confirmado no Crea"", ""peso"": 30, ""pontos"": 20, ""detalhe"": ""2 documentos confirmados na área da demanda (ponto cheio a partir de 3).""}, {""rotulo"": ""Localização"", ""peso"": 15, ""pontos"": 9, ""detalhe"": ""A obra é em Manaus; você declarou atender todo o AM.""}, {""rotulo"": ""Avaliações recebidas"", ""peso"": 15, ""pontos"": 12, ""detalhe"": ""Média 3,9 em 2 avaliações de contratos registrados.""}]";Tenho interesse e posso visitar o local nesta semana.;[];enviada;24/09/2026
cand-0159;2026-164;Usina solar fotovoltaica;Condomínio Industrial Aleixo;prof-060;"{""nome"": ""Aline Menezes Cardoso"", ""iniciais"": ""AC"", ""cor"": ""avatar-verde"", ""titulo"": ""Engenheira eletricista"", ""registro"": ""CREA-AM 021355/D"", ""cidade"": ""Manaus"", ""uf"": ""AM"", ""nota"": 4.6, ""avaliacoes"": 15, ""verificado"": true, ""competencias"": [""Automação predial"", ""Projeto elétrico"", ""Subestação""]}";79;"[{""rotulo"": ""Área de atuação"", ""peso"": 40, ""pontos"": 40, ""detalhe"": ""Você atua em Elétrica, que é o que a demanda exige.""}, {""rotulo"": ""Acervo confirmado no Crea"", ""peso"": 30, ""pontos"": 10, ""detalhe"": ""1 documento confirmado na área da demanda (ponto cheio a partir de 3).""}, {""rotulo"": ""Localização"", ""peso"": 15, ""pontos"": 15, ""detalhe"": ""Você atende Manaus, onde fica a obra.""}, {""rotulo"": ""Avaliações recebidas"", ""peso"": 15, ""pontos"": 14, ""detalhe"": ""Média 4,6 em 15 avaliações de contratos registrados.""}]";Posso apresentar memorial de projetos parecidos.;[];conversa;17/09/2026
cand-0160;2026-164;Usina solar fotovoltaica;Condomínio Industrial Aleixo;prof-023;"{""nome"": ""Leonardo Almeida Cardoso"", ""iniciais"": ""L"", ""cor"": ""avatar-verde"", ""titulo"": ""Engenheiro ambiental"", ""registro"": ""CREA-AM 023524/D"", ""cidade"": ""Manaus"", ""uf"": ""AM"", ""nota"": 4.9, ""avaliacoes"": 4, ""verificado"": true, ""competencias"": [""Licenciamento"", ""Monitoramento ambiental"", ""Estudos de impacto"", ""PGRS""]}";30;"[{""rotulo"": ""Área de atuação"", ""peso"": 40, ""pontos"": 0, ""detalhe"": ""A demanda exige Elétrica, fora das suas áreas.""}, {""rotulo"": ""Acervo confirmado no Crea"", ""peso"": 30, ""pontos"": 0, ""detalhe"": ""Nenhuma ART ou CAT confirmada nessa área.""}, {""rotulo"": ""Localização"", ""peso"": 15, ""pontos"": 15, ""detalhe"": ""Você atende Manaus, onde fica a obra.""}, {""rotulo"": ""Avaliações recebidas"", ""peso"": 15, ""pontos"": 15, ""detalhe"": ""Média 4,9 em 4 avaliações de contratos registrados.""}]";Atuo na região e tenho equipe para começar no prazo.;[];visualizada;23/09/2026
cand-0161;2026-165;Estabilidade de talude;Condomínio Industrial Aleixo;prof-014;"{""nome"": ""Yasmin Ferreira Dias"", ""iniciais"": ""YD"", ""cor"": ""avatar-ambar"", ""titulo"": ""Geóloga"", ""registro"": ""CREA-AM 036977/D"", ""cidade"": ""Manaus"", ""uf"": ""AM"", ""nota"": 0, ""avaliacoes"": 0, ""verificado"": true, ""competencias"": [""Contenções"", ""Hidrogeologia"", ""Licenciamento""]}";65;"[{""rotulo"": ""Área de atuação"", ""peso"": 40, ""pontos"": 40, ""detalhe"": ""Você atua em Geotecnia, que é o que a demanda exige.""}, {""rotulo"": ""Acervo confirmado no Crea"", ""peso"": 30, ""pontos"": 10, ""detalhe"": ""1 documento confirmado na área da demanda (ponto cheio a partir de 3).""}, {""rotulo"": ""Localização"", ""peso"": 15, ""pontos"": 15, ""detalhe"": ""Você atende Manaus, onde fica a obra.""}, {""rotulo"": ""Avaliações recebidas"", ""peso"": 15, ""pontos"": 0, ""detalhe"": ""Ainda sem avaliações na plataforma.""}]";Já trabalhei com esse tipo de serviço em 2025, com ART registrada.;[];visualizada;09/09/2026
cand-0162;2026-165;Estabilidade de talude;Condomínio Industrial Aleixo;prof-020;"{""nome"": ""Paula Lopes Gomes"", ""iniciais"": ""PG"", ""cor"": """", ""titulo"": ""Geóloga"", ""registro"": ""CREA-AM 057620/D"", ""cidade"": ""Iranduba"", ""uf"": ""AM"", ""nota"": 4.0, ""avaliacoes"": 15, ""verificado"": true, ""competencias"": [""Hidrogeologia"", ""Estabilidade de taludes"", ""Sondagem"", ""Contenções"", ""Drenagem urbana""]}";91;"[{""rotulo"": ""Área de atuação"", ""peso"": 40, ""pontos"": 40, ""detalhe"": ""Você atua em Geotecnia, que é o que a demanda exige.""}, {""rotulo"": ""Acervo confirmado no Crea"", ""peso"": 30, ""pontos"": 30, ""detalhe"": ""4 documentos confirmados na área da demanda (ponto cheio a partir de 3).""}, {""rotulo"": ""Localização"", ""peso"": 15, ""pontos"": 9, ""detalhe"": ""A obra é em Manaus; você declarou atender todo o AM.""}, {""rotulo"": ""Avaliações recebidas"", ""peso"": 15, ""pontos"": 12, ""detalhe"": ""Média 4,0 em 15 avaliações de contratos registrados.""}]";Tenho acervo em obra semelhante e disponibilidade imediata.;[];enviada;06/09/2026
cand-0163;2026-165;Estabilidade de talude;Condomínio Industrial Aleixo;prof-050;"{""nome"": ""Letícia Carvalho Castro"", ""iniciais"": ""LC"", ""cor"": """", ""titulo"": ""Geóloga"", ""registro"": ""Registro em regularização"", ""cidade"": ""Manaus"", ""uf"": ""AM"", ""nota"": 0, ""avaliacoes"": 0, ""verificado"": false, ""competencias"": [""Estabilidade de taludes"", ""Sondagem"", ""Investigação geotécnica"", ""Hidrogeologia""]}";55;"[{""rotulo"": ""Área de atuação"", ""peso"": 40, ""pontos"": 40, ""detalhe"": ""Você atua em Geotecnia, que é o que a demanda exige.""}, {""rotulo"": ""Acervo confirmado no Crea"", ""peso"": 30, ""pontos"": 0, ""detalhe"": ""Nenhuma ART ou CAT confirmada nessa área.""}, {""rotulo"": ""Localização"", ""peso"": 15, ""pontos"": 15, ""detalhe"": ""Você atende Manaus, onde fica a obra.""}, {""rotulo"": ""Avaliações recebidas"", ""peso"": 15, ""pontos"": 0, ""detalhe"": ""Ainda sem avaliações na plataforma.""}]";Posso apresentar memorial de projetos parecidos.;[];enviada;24/09/2026
cand-0164;2026-166;Laudo de estrutura de concreto;Condomínio Industrial Aleixo;prof-057;"{""nome"": ""Ana Tavares Carvalho"", ""iniciais"": ""AC"", ""cor"": ""avatar-ambar"", ""titulo"": ""Engenheira civil"", ""registro"": ""CREA-AM 012371/D"", ""cidade"": ""Manaus"", ""uf"": ""AM"", ""nota"": 3.9, ""avaliacoes"": 15, ""verificado"": true, ""competencias"": [""Cálculo estrutural"", ""Estruturas metálicas""]}";77;"[{""rotulo"": ""Área de atuação"", ""peso"": 40, ""pontos"": 40, ""detalhe"": ""Você atua em Estrutural, que é o que a demanda exige.""}, {""rotulo"": ""Acervo confirmado no Crea"", ""peso"": 30, ""pontos"": 10, ""detalhe"": ""1 documento confirmado na área da demanda (ponto cheio a partir de 3).""}, {""rotulo"": ""Localização"", ""peso"": 15, ""pontos"": 15, ""detalhe"": ""Você atende Manaus, onde fica a obra.""}, {""rotulo"": ""Avaliações recebidas"", ""peso"": 15, ""pontos"": 12, ""detalhe"": ""Média 3,9 em 15 avaliações de contratos registrados.""}]";Posso apresentar memorial de projetos parecidos.;[];recusada;23/09/2026
cand-0165;2026-166;Laudo de estrutura de concreto;Condomínio Industrial Aleixo;prof-034;"{""nome"": ""Fábio Soares Teixeira"", ""iniciais"": ""FT"", ""cor"": ""avatar-roxo"", ""titulo"": ""Engenheiro civil"", ""registro"": ""CREA-AM 035754/D"", ""cidade"": ""Manaus"", ""uf"": ""AM"", ""nota"": 4.2, ""avaliacoes"": 9, ""verificado"": true, ""competencias"": [""Fundações profundas"", ""Fiscalização de obra"", ""Cálculo estrutural"", ""Laudos técnicos""]}";98;"[{""rotulo"": ""Área de atuação"", ""peso"": 40, ""pontos"": 40, ""detalhe"": ""Você atua em Estrutural, que é o que a demanda exige.""}, {""rotulo"": ""Acervo confirmado no Crea"", ""peso"": 30, ""pontos"": 30, ""detalhe"": ""4 documentos confirmados na área da demanda (ponto cheio a partir de 3).""}, {""rotulo"": ""Localização"", ""peso"": 15, ""pontos"": 15, ""detalhe"": ""Você atende Manaus, onde fica a obra.""}, {""rotulo"": ""Avaliações recebidas"", ""peso"": 15, ""pontos"": 13, ""detalhe"": ""Média 4,2 em 9 avaliações de contratos registrados.""}]";Atuo na região e tenho equipe para começar no prazo.;[];enviada;24/09/2026
cand-0166;2026-166;Laudo de estrutura de concreto;Condomínio Industrial Aleixo;prof-046;"{""nome"": ""Bruno Ferreira Silva"", ""iniciais"": ""BS"", ""cor"": ""avatar-roxo"", ""titulo"": ""Engenheiro civil"", ""registro"": ""CREA-AM 041325/D"", ""cidade"": ""Itacoatiara"", ""uf"": ""AM"", ""nota"": 4.4, ""avaliacoes"": 24, ""verificado"": true, ""competencias"": [""Concreto armado"", ""Fundações profundas""]}";83;"[{""rotulo"": ""Área de atuação"", ""peso"": 40, ""pontos"": 40, ""detalhe"": ""Você atua em Estrutural, que é o que a demanda exige.""}, {""rotulo"": ""Acervo confirmado no Crea"", ""peso"": 30, ""pontos"": 30, ""detalhe"": ""3 documentos confirmados na área da demanda (ponto cheio a partir de 3).""}, {""rotulo"": ""Localização"", ""peso"": 15, ""pontos"": 0, ""detalhe"": ""A obra fica em Manaus, fora da sua região de atendimento.""}, {""rotulo"": ""Avaliações recebidas"", ""peso"": 15, ""pontos"": 13, ""detalhe"": ""Média 4,4 em 24 avaliações de contratos registrados.""}]";Tenho interesse e posso visitar o local nesta semana.;[];recusada;23/09/2026
cand-0167;2026-166;Laudo de estrutura de concreto;Condomínio Industrial Aleixo;prof-053;"{""nome"": ""Pedro Almeida Farias"", ""iniciais"": ""PA"", ""cor"": ""avatar-roxo"", ""titulo"": ""Engenheiro civil"", ""registro"": ""CREA-AM 015860/D"", ""cidade"": ""Humaitá"", ""uf"": ""AM"", ""nota"": 4.4, ""avaliacoes"": 18, ""verificado"": true, ""competencias"": [""Alvenaria estrutural"", ""Fiscalização de obra"", ""Fundações profundas""]}";73;"[{""rotulo"": ""Área de atuação"", ""peso"": 40, ""pontos"": 40, ""detalhe"": ""Você atua em Estrutural, que é o que a demanda exige.""}, {""rotulo"": ""Acervo confirmado no Crea"", ""peso"": 30, ""pontos"": 20, ""detalhe"": ""2 documentos confirmados na área da demanda (ponto cheio a partir de 3).""}, {""rotulo"": ""Localização"", ""peso"": 15, ""pontos"": 0, ""detalhe"": ""A obra fica em Manaus, fora da sua região de atendimento.""}, {""rotulo"": ""Avaliações recebidas"", ""peso"": 15, ""pontos"": 13, ""detalhe"": ""Média 4,4 em 18 avaliações de contratos registrados.""}]";Atuo na região e tenho equipe para começar no prazo.;[];visualizada;23/09/2026
cand-0168;2026-166;Laudo de estrutura de concreto;Condomínio Industrial Aleixo;prof-038;"{""nome"": ""Helena Nascimento Rocha"", ""iniciais"": ""HR"", ""cor"": ""avatar-roxo"", ""titulo"": ""Engenheira ambiental"", ""registro"": ""CREA-AM 045581/D"", ""cidade"": ""Parintins"", ""uf"": ""AM"", ""nota"": 4.2, ""avaliacoes"": 18, ""verificado"": true, ""competencias"": [""Recuperação de áreas degradadas"", ""PGRS"", ""Estudos de impacto"", ""Outorga de água""]}";22;"[{""rotulo"": ""Área de atuação"", ""peso"": 40, ""pontos"": 0, ""detalhe"": ""A demanda exige Estrutural, fora das suas áreas.""}, {""rotulo"": ""Acervo confirmado no Crea"", ""peso"": 30, ""pontos"": 0, ""detalhe"": ""Nenhuma ART ou CAT confirmada nessa área.""}, {""rotulo"": ""Localização"", ""peso"": 15, ""pontos"": 9, ""detalhe"": ""A obra é em Manaus; você declarou atender todo o AM.""}, {""rotulo"": ""Avaliações recebidas"", ""peso"": 15, ""pontos"": 13, ""detalhe"": ""Média 4,2 em 18 avaliações de contratos registrados.""}]";Já trabalhei com esse tipo de serviço em 2025, com ART registrada.;[];visualizada;24/09/2026
cand-0169;2026-167;Georreferenciamento rural;Maués Cooperativa Agrícola;prof-036;"{""nome"": ""Aline Pinheiro Teixeira"", ""iniciais"": ""AT"", ""cor"": ""avatar-roxo"", ""titulo"": ""Engenheira mecânica"", ""registro"": ""CREA-RR 025902/D"", ""cidade"": ""Boa Vista"", ""uf"": ""RR"", ""nota"": 0, ""avaliacoes"": 0, ""verificado"": true, ""competencias"": [""Sistemas de combate a incêndio"", ""Tubulação industrial"", ""Montagem industrial"", ""Sistemas agroflorestais""]}";40;"[{""rotulo"": ""Área de atuação"", ""peso"": 40, ""pontos"": 40, ""detalhe"": ""Você atua em Agronomia, que é o que a demanda exige.""}, {""rotulo"": ""Acervo confirmado no Crea"", ""peso"": 30, ""pontos"": 0, ""detalhe"": ""Nenhuma ART ou CAT confirmada nessa área.""}, {""rotulo"": ""Localização"", ""peso"": 15, ""pontos"": 0, ""detalhe"": ""A obra fica em Maués, fora da sua região de atendimento.""}, {""rotulo"": ""Avaliações recebidas"", ""peso"": 15, ""pontos"": 0, ""detalhe"": ""Ainda sem avaliações na plataforma.""}]";Posso apresentar memorial de projetos parecidos.;[];enviada;15/09/2026
cand-0170;2026-168;Georreferenciamento rural;Maués Cooperativa Agrícola;prof-047;"{""nome"": ""João Dias Ferreira"", ""iniciais"": ""JF"", ""cor"": ""avatar-verde"", ""titulo"": ""Engenheiro agrônomo"", ""registro"": ""CREA-AM 028117/D"", ""cidade"": ""Tefé"", ""uf"": ""AM"", ""nota"": 4.6, ""avaliacoes"": 24, ""verificado"": true, ""competencias"": [""Georreferenciamento rural"", ""Irrigação"", ""Sistemas agroflorestais"", ""Vasos de pressão (NR-13)""]}";83;"[{""rotulo"": ""Área de atuação"", ""peso"": 40, ""pontos"": 40, ""detalhe"": ""Você atua em Agronomia, que é o que a demanda exige.""}, {""rotulo"": ""Acervo confirmado no Crea"", ""peso"": 30, ""pontos"": 20, ""detalhe"": ""2 documentos confirmados na área da demanda (ponto cheio a partir de 3).""}, {""rotulo"": ""Localização"", ""peso"": 15, ""pontos"": 9, ""detalhe"": ""A obra é em Maués; você declarou atender todo o AM.""}, {""rotulo"": ""Avaliações recebidas"", ""peso"": 15, ""pontos"": 14, ""detalhe"": ""Média 4,6 em 24 avaliações de contratos registrados.""}]";;[];visualizada;22/09/2026
cand-0171;2026-168;Georreferenciamento rural;Maués Cooperativa Agrícola;prof-043;"{""nome"": ""Marcelo Castro Santana"", ""iniciais"": ""MS"", ""cor"": ""avatar-ambar"", ""titulo"": ""Engenheiro eletricista"", ""registro"": ""CREA-RO 043895/D"", ""cidade"": ""Porto Velho"", ""uf"": ""RO"", ""nota"": 4.3, ""avaliacoes"": 2, ""verificado"": true, ""competencias"": [""Laudo de instalações elétricas"", ""Subestação"", ""SPDA"", ""Automação predial""]}";13;"[{""rotulo"": ""Área de atuação"", ""peso"": 40, ""pontos"": 0, ""detalhe"": ""A demanda exige Agronomia, fora das suas áreas.""}, {""rotulo"": ""Acervo confirmado no Crea"", ""peso"": 30, ""pontos"": 0, ""detalhe"": ""Nenhuma ART ou CAT confirmada nessa área.""}, {""rotulo"": ""Localização"", ""peso"": 15, ""pontos"": 0, ""detalhe"": ""A obra fica em Maués, fora da sua região de atendimento.""}, {""rotulo"": ""Avaliações recebidas"", ""peso"": 15, ""pontos"": 13, ""detalhe"": ""Média 4,3 em 2 avaliações de contratos registrados.""}]";;[];conversa;24/09/2026
cand-0172;2026-169;Projeto estrutural de edifício residencial;Boa Vista Obras e Serviços;prof-046;"{""nome"": ""Bruno Ferreira Silva"", ""iniciais"": ""BS"", ""cor"": ""avatar-roxo"", ""titulo"": ""Engenheiro civil"", ""registro"": ""CREA-AM 041325/D"", ""cidade"": ""Itacoatiara"", ""uf"": ""AM"", ""nota"": 4.4, ""avaliacoes"": 24, ""verificado"": true, ""competencias"": [""Concreto armado"", ""Fundações profundas""]}";83;"[{""rotulo"": ""Área de atuação"", ""peso"": 40, ""pontos"": 40, ""detalhe"": ""Você atua em Estrutural, que é o que a demanda exige.""}, {""rotulo"": ""Acervo confirmado no Crea"", ""peso"": 30, ""pontos"": 30, ""detalhe"": ""3 documentos confirmados na área da demanda (ponto cheio a partir de 3).""}, {""rotulo"": ""Localização"", ""peso"": 15, ""pontos"": 0, ""detalhe"": ""A obra fica em Boa Vista, fora da sua região de atendimento.""}, {""rotulo"": ""Avaliações recebidas"", ""peso"": 15, ""pontos"": 13, ""detalhe"": ""Média 4,4 em 24 avaliações de contratos registrados.""}]";Tenho interesse e posso visitar o local nesta semana.;[];recusada;05/09/2026
cand-0173;2026-169;Projeto estrutural de edifício residencial;Boa Vista Obras e Serviços;prof-034;"{""nome"": ""Fábio Soares Teixeira"", ""iniciais"": ""FT"", ""cor"": ""avatar-roxo"", ""titulo"": ""Engenheiro civil"", ""registro"": ""CREA-AM 035754/D"", ""cidade"": ""Manaus"", ""uf"": ""AM"", ""nota"": 4.2, ""avaliacoes"": 9, ""verificado"": true, ""competencias"": [""Fundações profundas"", ""Fiscalização de obra"", ""Cálculo estrutural"", ""Laudos técnicos""]}";92;"[{""rotulo"": ""Área de atuação"", ""peso"": 40, ""pontos"": 40, ""detalhe"": ""Você atua em Estrutural, que é o que a demanda exige.""}, {""rotulo"": ""Acervo confirmado no Crea"", ""peso"": 30, ""pontos"": 30, ""detalhe"": ""4 documentos confirmados na área da demanda (ponto cheio a partir de 3).""}, {""rotulo"": ""Localização"", ""peso"": 15, ""pontos"": 9, ""detalhe"": ""A obra é em Boa Vista; você declarou atender todo o AM.""}, {""rotulo"": ""Avaliações recebidas"", ""peso"": 15, ""pontos"": 13, ""detalhe"": ""Média 4,2 em 9 avaliações de contratos registrados.""}]";Tenho acervo em obra semelhante e disponibilidade imediata.;[];recusada;22/09/2026
cand-0174;2026-169;Projeto estrutural de edifício residencial;Boa Vista Obras e Serviços;prof-012;"{""nome"": ""Henrique Castro Rocha"", ""iniciais"": ""HR"", ""cor"": ""avatar-roxo"", ""titulo"": ""Engenheiro civil"", ""registro"": ""CREA-AM 022190/D"", ""cidade"": ""Manaus"", ""uf"": ""AM"", ""nota"": 4.1, ""avaliacoes"": 2, ""verificado"": true, ""competencias"": [""Fundações profundas"", ""Alvenaria estrutural"", ""Hidrossanitário predial""]}";71;"[{""rotulo"": ""Área de atuação"", ""peso"": 40, ""pontos"": 40, ""detalhe"": ""Você atua em Estrutural, que é o que a demanda exige.""}, {""rotulo"": ""Acervo confirmado no Crea"", ""peso"": 30, ""pontos"": 10, ""detalhe"": ""1 documento confirmado na área da demanda (ponto cheio a partir de 3).""}, {""rotulo"": ""Localização"", ""peso"": 15, ""pontos"": 9, ""detalhe"": ""A obra é em Boa Vista; você declarou atender todo o AM.""}, {""rotulo"": ""Avaliações recebidas"", ""peso"": 15, ""pontos"": 12, ""detalhe"": ""Média 4,1 em 2 avaliações de contratos registrados.""}]";;[];enviada;15/09/2026
cand-0175;2026-169;Projeto estrutural de edifício residencial;Boa Vista Obras e Serviços;prof-053;"{""nome"": ""Pedro Almeida Farias"", ""iniciais"": ""PA"", ""cor"": ""avatar-roxo"", ""titulo"": ""Engenheiro civil"", ""registro"": ""CREA-AM 015860/D"", ""cidade"": ""Humaitá"", ""uf"": ""AM"", ""nota"": 4.4, ""avaliacoes"": 18, ""verificado"": true, ""competencias"": [""Alvenaria estrutural"", ""Fiscalização de obra"", ""Fundações profundas""]}";73;"[{""rotulo"": ""Área de atuação"", ""peso"": 40, ""pontos"": 40, ""detalhe"": ""Você atua em Estrutural, que é o que a demanda exige.""}, {""rotulo"": ""Acervo confirmado no Crea"", ""peso"": 30, ""pontos"": 20, ""detalhe"": ""2 documentos confirmados na área da demanda (ponto cheio a partir de 3).""}, {""rotulo"": ""Localização"", ""peso"": 15, ""pontos"": 0, ""detalhe"": ""A obra fica em Boa Vista, fora da sua região de atendimento.""}, {""rotulo"": ""Avaliações recebidas"", ""peso"": 15, ""pontos"": 13, ""detalhe"": ""Média 4,4 em 18 avaliações de contratos registrados.""}]";;[];enviada;18/09/2026
cand-0176;2026-169;Projeto estrutural de edifício residencial;Boa Vista Obras e Serviços;prof-045;"{""nome"": ""Wagner Barbosa Nascimento"", ""iniciais"": ""WN"", ""cor"": """", ""titulo"": ""Engenheiro civil"", ""registro"": ""CREA-AM 016874/D"", ""cidade"": ""Presidente Figueiredo"", ""uf"": ""AM"", ""nota"": 0, ""avaliacoes"": 0, ""verificado"": true, ""competencias"": [""Alvenaria estrutural"", ""Concreto armado"", ""Licenciamento""]}";70;"[{""rotulo"": ""Área de atuação"", ""peso"": 40, ""pontos"": 40, ""detalhe"": ""Você atua em Estrutural, que é o que a demanda exige.""}, {""rotulo"": ""Acervo confirmado no Crea"", ""peso"": 30, ""pontos"": 30, ""detalhe"": ""3 documentos confirmados na área da demanda (ponto cheio a partir de 3).""}, {""rotulo"": ""Localização"", ""peso"": 15, ""pontos"": 0, ""detalhe"": ""A obra fica em Boa Vista, fora da sua região de atendimento.""}, {""rotulo"": ""Avaliações recebidas"", ""peso"": 15, ""pontos"": 0, ""detalhe"": ""Ainda sem avaliações na plataforma.""}]";Tenho acervo em obra semelhante e disponibilidade imediata.;[];conversa;05/09/2026
cand-0177;2026-169;Projeto estrutural de edifício residencial;Boa Vista Obras e Serviços;prof-056;"{""nome"": ""Igor Souza Moraes"", ""iniciais"": ""IM"", ""cor"": """", ""titulo"": ""Engenheiro civil"", ""registro"": ""CREA-AM 056932/D"", ""cidade"": ""Manaus"", ""uf"": ""AM"", ""nota"": 0, ""avaliacoes"": 0, ""verificado"": true, ""competencias"": [""Modelagem BIM"", ""Planejamento de obra"", ""Orçamento e SINAPI"", ""Revit""]}";9;"[{""rotulo"": ""Área de atuação"", ""peso"": 40, ""pontos"": 0, ""detalhe"": ""A demanda exige Estrutural, fora das suas áreas.""}, {""rotulo"": ""Acervo confirmado no Crea"", ""peso"": 30, ""pontos"": 0, ""detalhe"": ""Nenhuma ART ou CAT confirmada nessa área.""}, {""rotulo"": ""Localização"", ""peso"": 15, ""pontos"": 9, ""detalhe"": ""A obra é em Boa Vista; você declarou atender todo o AM.""}, {""rotulo"": ""Avaliações recebidas"", ""peso"": 15, ""pontos"": 0, ""detalhe"": ""Ainda sem avaliações na plataforma.""}]";Posso apresentar memorial de projetos parecidos.;[];conversa;22/09/2026
cand-0178;2026-170;Reforço de cobertura metálica;Boa Vista Obras e Serviços;prof-053;"{""nome"": ""Pedro Almeida Farias"", ""iniciais"": ""PA"", ""cor"": ""avatar-roxo"", ""titulo"": ""Engenheiro civil"", ""registro"": ""CREA-AM 015860/D"", ""cidade"": ""Humaitá"", ""uf"": ""AM"", ""nota"": 4.4, ""avaliacoes"": 18, ""verificado"": true, ""competencias"": [""Alvenaria estrutural"", ""Fiscalização de obra"", ""Fundações profundas""]}";73;"[{""rotulo"": ""Área de atuação"", ""peso"": 40, ""pontos"": 40, ""detalhe"": ""Você atua em Estrutural, que é o que a demanda exige.""}, {""rotulo"": ""Acervo confirmado no Crea"", ""peso"": 30, ""pontos"": 20, ""detalhe"": ""2 documentos confirmados na área da demanda (ponto cheio a partir de 3).""}, {""rotulo"": ""Localização"", ""peso"": 15, ""pontos"": 0, ""detalhe"": ""A obra fica em Boa Vista, fora da sua região de atendimento.""}, {""rotulo"": ""Avaliações recebidas"", ""peso"": 15, ""pontos"": 13, ""detalhe"": ""Média 4,4 em 18 avaliações de contratos registrados.""}]";Posso apresentar memorial de projetos parecidos.;[];recusada;21/09/2026
cand-0179;2026-170;Reforço de cobertura metálica;Boa Vista Obras e Serviços;prof-034;"{""nome"": ""Fábio Soares Teixeira"", ""iniciais"": ""FT"", ""cor"": ""avatar-roxo"", ""titulo"": ""Engenheiro civil"", ""registro"": ""CREA-AM 035754/D"", ""cidade"": ""Manaus"", ""uf"": ""AM"", ""nota"": 4.2, ""avaliacoes"": 9, ""verificado"": true, ""competencias"": [""Fundações profundas"", ""Fiscalização de obra"", ""Cálculo estrutural"", ""Laudos técnicos""]}";92;"[{""rotulo"": ""Área de atuação"", ""peso"": 40, ""pontos"": 40, ""detalhe"": ""Você atua em Estrutural, que é o que a demanda exige.""}, {""rotulo"": ""Acervo confirmado no Crea"", ""peso"": 30, ""pontos"": 30, ""detalhe"": ""4 documentos confirmados na área da demanda (ponto cheio a partir de 3).""}, {""rotulo"": ""Localização"", ""peso"": 15, ""pontos"": 9, ""detalhe"": ""A obra é em Boa Vista; você declarou atender todo o AM.""}, {""rotulo"": ""Avaliações recebidas"", ""peso"": 15, ""pontos"": 13, ""detalhe"": ""Média 4,2 em 9 avaliações de contratos registrados.""}]";Atuo na região e tenho equipe para começar no prazo.;[];visualizada;22/09/2026
cand-0180;2026-170;Reforço de cobertura metálica;Boa Vista Obras e Serviços;prof-012;"{""nome"": ""Henrique Castro Rocha"", ""iniciais"": ""HR"", ""cor"": ""avatar-roxo"", ""titulo"": ""Engenheiro civil"", ""registro"": ""CREA-AM 022190/D"", ""cidade"": ""Manaus"", ""uf"": ""AM"", ""nota"": 4.1, ""avaliacoes"": 2, ""verificado"": true, ""competencias"": [""Fundações profundas"", ""Alvenaria estrutural"", ""Hidrossanitário predial""]}";71;"[{""rotulo"": ""Área de atuação"", ""peso"": 40, ""pontos"": 40, ""detalhe"": ""Você atua em Estrutural, que é o que a demanda exige.""}, {""rotulo"": ""Acervo confirmado no Crea"", ""peso"": 30, ""pontos"": 10, ""detalhe"": ""1 documento confirmado na área da demanda (ponto cheio a partir de 3).""}, {""rotulo"": ""Localização"", ""peso"": 15, ""pontos"": 9, ""detalhe"": ""A obra é em Boa Vista; você declarou atender todo o AM.""}, {""rotulo"": ""Avaliações recebidas"", ""peso"": 15, ""pontos"": 12, ""detalhe"": ""Média 4,1 em 2 avaliações de contratos registrados.""}]";;[];visualizada;23/09/2026
cand-0181;2026-170;Reforço de cobertura metálica;Boa Vista Obras e Serviços;prof-057;"{""nome"": ""Ana Tavares Carvalho"", ""iniciais"": ""AC"", ""cor"": ""avatar-ambar"", ""titulo"": ""Engenheira civil"", ""registro"": ""CREA-AM 012371/D"", ""cidade"": ""Manaus"", ""uf"": ""AM"", ""nota"": 3.9, ""avaliacoes"": 15, ""verificado"": true, ""competencias"": [""Cálculo estrutural"", ""Estruturas metálicas""]}";62;"[{""rotulo"": ""Área de atuação"", ""peso"": 40, ""pontos"": 40, ""detalhe"": ""Você atua em Estrutural, que é o que a demanda exige.""}, {""rotulo"": ""Acervo confirmado no Crea"", ""peso"": 30, ""pontos"": 10, ""detalhe"": ""1 documento confirmado na área da demanda (ponto cheio a partir de 3).""}, {""rotulo"": ""Localização"", ""peso"": 15, ""pontos"": 0, ""detalhe"": ""A obra fica em Boa Vista, fora da sua região de atendimento.""}, {""rotulo"": ""Avaliações recebidas"", ""peso"": 15, ""pontos"": 12, ""detalhe"": ""Média 3,9 em 15 avaliações de contratos registrados.""}]";Tenho acervo em obra semelhante e disponibilidade imediata.;[];enviada;23/09/2026
cand-0182;2026-170;Reforço de cobertura metálica;Boa Vista Obras e Serviços;prof-046;"{""nome"": ""Bruno Ferreira Silva"", ""iniciais"": ""BS"", ""cor"": ""avatar-roxo"", ""titulo"": ""Engenheiro civil"", ""registro"": ""CREA-AM 041325/D"", ""cidade"": ""Itacoatiara"", ""uf"": ""AM"", ""nota"": 4.4, ""avaliacoes"": 24, ""verificado"": true, ""competencias"": [""Concreto armado"", ""Fundações profundas""]}";83;"[{""rotulo"": ""Área de atuação"", ""peso"": 40, ""pontos"": 40, ""detalhe"": ""Você atua em Estrutural, que é o que a demanda exige.""}, {""rotulo"": ""Acervo confirmado no Crea"", ""peso"": 30, ""pontos"": 30, ""detalhe"": ""3 documentos confirmados na área da demanda (ponto cheio a partir de 3).""}, {""rotulo"": ""Localização"", ""peso"": 15, ""pontos"": 0, ""detalhe"": ""A obra fica em Boa Vista, fora da sua região de atendimento.""}, {""rotulo"": ""Avaliações recebidas"", ""peso"": 15, ""pontos"": 13, ""detalhe"": ""Média 4,4 em 24 avaliações de contratos registrados.""}]";Posso apresentar memorial de projetos parecidos.;[];enviada;23/09/2026
cand-0183;2026-171;Projeto estrutural de edifício residencial;Boa Vista Obras e Serviços;prof-034;"{""nome"": ""Fábio Soares Teixeira"", ""iniciais"": ""FT"", ""cor"": ""avatar-roxo"", ""titulo"": ""Engenheiro civil"", ""registro"": ""CREA-AM 035754/D"", ""cidade"": ""Manaus"", ""uf"": ""AM"", ""nota"": 4.2, ""avaliacoes"": 9, ""verificado"": true, ""competencias"": [""Fundações profundas"", ""Fiscalização de obra"", ""Cálculo estrutural"", ""Laudos técnicos""]}";92;"[{""rotulo"": ""Área de atuação"", ""peso"": 40, ""pontos"": 40, ""detalhe"": ""Você atua em Estrutural, que é o que a demanda exige.""}, {""rotulo"": ""Acervo confirmado no Crea"", ""peso"": 30, ""pontos"": 30, ""detalhe"": ""4 documentos confirmados na área da demanda (ponto cheio a partir de 3).""}, {""rotulo"": ""Localização"", ""peso"": 15, ""pontos"": 9, ""detalhe"": ""A obra é em Boa Vista; você declarou atender todo o AM.""}, {""rotulo"": ""Avaliações recebidas"", ""peso"": 15, ""pontos"": 13, ""detalhe"": ""Média 4,2 em 9 avaliações de contratos registrados.""}]";Posso apresentar memorial de projetos parecidos.;[];enviada;24/09/2026
cand-0184;2026-171;Projeto estrutural de edifício residencial;Boa Vista Obras e Serviços;prof-046;"{""nome"": ""Bruno Ferreira Silva"", ""iniciais"": ""BS"", ""cor"": ""avatar-roxo"", ""titulo"": ""Engenheiro civil"", ""registro"": ""CREA-AM 041325/D"", ""cidade"": ""Itacoatiara"", ""uf"": ""AM"", ""nota"": 4.4, ""avaliacoes"": 24, ""verificado"": true, ""competencias"": [""Concreto armado"", ""Fundações profundas""]}";83;"[{""rotulo"": ""Área de atuação"", ""peso"": 40, ""pontos"": 40, ""detalhe"": ""Você atua em Estrutural, que é o que a demanda exige.""}, {""rotulo"": ""Acervo confirmado no Crea"", ""peso"": 30, ""pontos"": 30, ""detalhe"": ""3 documentos confirmados na área da demanda (ponto cheio a partir de 3).""}, {""rotulo"": ""Localização"", ""peso"": 15, ""pontos"": 0, ""detalhe"": ""A obra fica em Boa Vista, fora da sua região de atendimento.""}, {""rotulo"": ""Avaliações recebidas"", ""peso"": 15, ""pontos"": 13, ""detalhe"": ""Média 4,4 em 24 avaliações de contratos registrados.""}]";Posso apresentar memorial de projetos parecidos.;[];enviada;20/09/2026
cand-0185;2026-171;Projeto estrutural de edifício residencial;Boa Vista Obras e Serviços;prof-031;"{""nome"": ""Carlos Vieira Farias"", ""iniciais"": ""CF"", ""cor"": ""avatar-roxo"", ""titulo"": ""Engenheiro mecânico"", ""registro"": ""Registro em regularização"", ""cidade"": ""Itacoatiara"", ""uf"": ""AM"", ""nota"": 0, ""avaliacoes"": 0, ""verificado"": false, ""competencias"": [""Vasos de pressão (NR-13)"", ""Montagem industrial""]}";9;"[{""rotulo"": ""Área de atuação"", ""peso"": 40, ""pontos"": 0, ""detalhe"": ""A demanda exige Estrutural, fora das suas áreas.""}, {""rotulo"": ""Acervo confirmado no Crea"", ""peso"": 30, ""pontos"": 0, ""detalhe"": ""Nenhuma ART ou CAT confirmada nessa área.""}, {""rotulo"": ""Localização"", ""peso"": 15, ""pontos"": 9, ""detalhe"": ""A obra é em Boa Vista; você declarou atender todo o AM.""}, {""rotulo"": ""Avaliações recebidas"", ""peso"": 15, ""pontos"": 0, ""detalhe"": ""Ainda sem avaliações na plataforma.""}]";Posso apresentar memorial de projetos parecidos.;[];recusada;23/09/2026
cand-0186;2026-172;Fiscalização de obra de saneamento;Porto Velho Engenharia;prof-008;"{""nome"": ""Thiago Teixeira Souza"", ""iniciais"": ""TS"", ""cor"": ""avatar-ambar"", ""titulo"": ""Engenheiro agrônomo"", ""registro"": ""CREA-AM 043762/D"", ""cidade"": ""Manaus"", ""uf"": ""AM"", ""nota"": 4.7, ""avaliacoes"": 15, ""verificado"": true, ""competencias"": [""Irrigação"", ""Receituário agronômico"", ""Manejo de solo"", ""Georreferenciamento rural"", ""Saneamento""]}";64;"[{""rotulo"": ""Área de atuação"", ""peso"": 40, ""pontos"": 40, ""detalhe"": ""Você atua em Hidráulica, que é o que a demanda exige.""}, {""rotulo"": ""Acervo confirmado no Crea"", ""peso"": 30, ""pontos"": 10, ""detalhe"": ""1 documento confirmado na área da demanda (ponto cheio a partir de 3).""}, {""rotulo"": ""Localização"", ""peso"": 15, ""pontos"": 0, ""detalhe"": ""A obra fica em Porto Velho, fora da sua região de atendimento.""}, {""rotulo"": ""Avaliações recebidas"", ""peso"": 15, ""pontos"": 14, ""detalhe"": ""Média 4,7 em 15 avaliações de contratos registrados.""}]";Tenho interesse e posso visitar o local nesta semana.;[];enviada;22/09/2026
cand-0187;2026-172;Fiscalização de obra de saneamento;Porto Velho Engenharia;prof-013;"{""nome"": ""Camila Ribeiro Oliveira"", ""iniciais"": ""CO"", ""cor"": ""avatar-verde"", ""titulo"": ""Engenheira sanitarista"", ""registro"": ""CREA-AM 047227/D"", ""cidade"": ""Tefé"", ""uf"": ""AM"", ""nota"": 4.5, ""avaliacoes"": 6, ""verificado"": true, ""competencias"": [""Esgotamento sanitário"", ""Hidrossanitário predial"", ""Redes de água"", ""Saneamento"", ""Recuperação de áreas degradadas""]}";93;"[{""rotulo"": ""Área de atuação"", ""peso"": 40, ""pontos"": 40, ""detalhe"": ""Você atua em Hidráulica, que é o que a demanda exige.""}, {""rotulo"": ""Acervo confirmado no Crea"", ""peso"": 30, ""pontos"": 30, ""detalhe"": ""4 documentos confirmados na área da demanda (ponto cheio a partir de 3).""}, {""rotulo"": ""Localização"", ""peso"": 15, ""pontos"": 9, ""detalhe"": ""A obra é em Porto Velho; você declarou atender todo o AM.""}, {""rotulo"": ""Avaliações recebidas"", ""peso"": 15, ""pontos"": 14, ""detalhe"": ""Média 4,5 em 6 avaliações de contratos registrados.""}]";;[];visualizada;21/09/2026
cand-0188;2026-172;Fiscalização de obra de saneamento;Porto Velho Engenharia;prof-041;"{""nome"": ""Camila Pinheiro Freitas"", ""iniciais"": ""CF"", ""cor"": ""avatar-roxo"", ""titulo"": ""Engenheira civil"", ""registro"": ""CREA-AM 016524/D"", ""cidade"": ""Manaus"", ""uf"": ""AM"", ""nota"": 4.9, ""avaliacoes"": 15, ""verificado"": true, ""competencias"": [""Compatibilização de projetos"", ""Orçamento e SINAPI""]}";24;"[{""rotulo"": ""Área de atuação"", ""peso"": 40, ""pontos"": 0, ""detalhe"": ""A demanda exige Hidráulica, fora das suas áreas.""}, {""rotulo"": ""Acervo confirmado no Crea"", ""peso"": 30, ""pontos"": 0, ""detalhe"": ""Nenhuma ART ou CAT confirmada nessa área.""}, {""rotulo"": ""Localização"", ""peso"": 15, ""pontos"": 9, ""detalhe"": ""A obra é em Porto Velho; você declarou atender todo o AM.""}, {""rotulo"": ""Avaliações recebidas"", ""peso"": 15, ""pontos"": 15, ""detalhe"": ""Média 4,9 em 15 avaliações de contratos registrados.""}]";Posso apresentar memorial de projetos parecidos.;[];visualizada;18/09/2026
cand-0189;2026-173;Inspeção de vasos de pressão;Porto Velho Engenharia;prof-036;"{""nome"": ""Aline Pinheiro Teixeira"", ""iniciais"": ""AT"", ""cor"": ""avatar-roxo"", ""titulo"": ""Engenheira mecânica"", ""registro"": ""CREA-RR 025902/D"", ""cidade"": ""Boa Vista"", ""uf"": ""RR"", ""nota"": 0, ""avaliacoes"": 0, ""verificado"": true, ""competencias"": [""Sistemas de combate a incêndio"", ""Tubulação industrial"", ""Montagem industrial"", ""Sistemas agroflorestais""]}";70;"[{""rotulo"": ""Área de atuação"", ""peso"": 40, ""pontos"": 40, ""detalhe"": ""Você atua em Mecânica, que é o que a demanda exige.""}, {""rotulo"": ""Acervo confirmado no Crea"", ""peso"": 30, ""pontos"": 30, ""detalhe"": ""3 documentos confirmados na área da demanda (ponto cheio a partir de 3).""}, {""rotulo"": ""Localização"", ""peso"": 15, ""pontos"": 0, ""detalhe"": ""A obra fica em Porto Velho, fora da sua região de atendimento.""}, {""rotulo"": ""Avaliações recebidas"", ""peso"": 15, ""pontos"": 0, ""detalhe"": ""Ainda sem avaliações na plataforma.""}]";;[];recusada;21/09/2026
cand-0190;2026-174;Drenagem urbana;Porto Velho Engenharia;prof-012;"{""nome"": ""Henrique Castro Rocha"", ""iniciais"": ""HR"", ""cor"": ""avatar-roxo"", ""titulo"": ""Engenheiro civil"", ""registro"": ""CREA-AM 022190/D"", ""cidade"": ""Manaus"", ""uf"": ""AM"", ""nota"": 4.1, ""avaliacoes"": 2, ""verificado"": true, ""competencias"": [""Fundações profundas"", ""Alvenaria estrutural"", ""Hidrossanitário predial""]}";61;"[{""rotulo"": ""Área de atuação"", ""peso"": 40, ""pontos"": 40, ""detalhe"": ""Você atua em Hidráulica, que é o que a demanda exige.""}, {""rotulo"": ""Acervo confirmado no Crea"", ""peso"": 30, ""pontos"": 0, ""detalhe"": ""Nenhuma ART ou CAT confirmada nessa área.""}, {""rotulo"": ""Localização"", ""peso"": 15, ""pontos"": 9, ""detalhe"": ""A obra é em Porto Velho; você declarou atender todo o AM.""}, {""rotulo"": ""Avaliações recebidas"", ""peso"": 15, ""pontos"": 12, ""detalhe"": ""Média 4,1 em 2 avaliações de contratos registrados.""}]";Já trabalhei com esse tipo de serviço em 2025, com ART registrada.;[];conversa;12/09/2026
cand-0191;2026-124;Usina solar fotovoltaica;TechSolut Engenharia;prof-001;"{""nome"": ""Daniel Silva do Carmo"", ""iniciais"": ""DC"", ""cor"": """", ""titulo"": ""Engenheiro civil"", ""registro"": ""CREA-AM 031947/D"", ""cidade"": ""Manaus"", ""uf"": ""AM"", ""nota"": 4.8, ""avaliacoes"": 23, ""verificado"": true, ""competencias"": [""Cálculo estrutural"", ""Fundações profundas"", ""SPDA"", ""Laudos técnicos"", ""BIM · Revit""]}";89;"[{""rotulo"": ""Área de atuação"", ""peso"": 40, ""pontos"": 40, ""detalhe"": ""Você atua em Elétrica, que é o que a demanda exige.""}, {""rotulo"": ""Acervo confirmado no Crea"", ""peso"": 30, ""pontos"": 20, ""detalhe"": ""2 documentos confirmados na área da demanda (ponto cheio a partir de 3).""}, {""rotulo"": ""Localização"", ""peso"": 15, ""pontos"": 15, ""detalhe"": ""Você atende Manaus, onde fica a obra.""}, {""rotulo"": ""Avaliações recebidas"", ""peso"": 15, ""pontos"": 14, ""detalhe"": ""Média 4,8 em 23 avaliações de contratos registrados.""}]";;[];visualizada;17/09/2026
cand-0192;2026-125;Usina solar fotovoltaica;TechSolut Engenharia;prof-001;"{""nome"": ""Daniel Silva do Carmo"", ""iniciais"": ""DC"", ""cor"": """", ""titulo"": ""Engenheiro civil"", ""registro"": ""CREA-AM 031947/D"", ""cidade"": ""Manaus"", ""uf"": ""AM"", ""nota"": 4.8, ""avaliacoes"": 23, ""verificado"": true, ""competencias"": [""Cálculo estrutural"", ""Fundações profundas"", ""SPDA"", ""Laudos técnicos"", ""BIM · Revit""]}";89;"[{""rotulo"": ""Área de atuação"", ""peso"": 40, ""pontos"": 40, ""detalhe"": ""Você atua em Elétrica, que é o que a demanda exige.""}, {""rotulo"": ""Acervo confirmado no Crea"", ""peso"": 30, ""pontos"": 20, ""detalhe"": ""2 documentos confirmados na área da demanda (ponto cheio a partir de 3).""}, {""rotulo"": ""Localização"", ""peso"": 15, ""pontos"": 15, ""detalhe"": ""Você atende Manaus, onde fica a obra.""}, {""rotulo"": ""Avaliações recebidas"", ""peso"": 15, ""pontos"": 14, ""detalhe"": ""Média 4,8 em 23 avaliações de contratos registrados.""}]";Posso apresentar memorial de projetos parecidos.;[];conversa;17/09/2026
cand-0193;2026-126;Laudo de instalações elétricas;TechSolut Engenharia;prof-001;"{""nome"": ""Daniel Silva do Carmo"", ""iniciais"": ""DC"", ""cor"": """", ""titulo"": ""Engenheiro civil"", ""registro"": ""CREA-AM 031947/D"", ""cidade"": ""Manaus"", ""uf"": ""AM"", ""nota"": 4.8, ""avaliacoes"": 23, ""verificado"": true, ""competencias"": [""Cálculo estrutural"", ""Fundações profundas"", ""SPDA"", ""Laudos técnicos"", ""BIM · Revit""]}";89;"[{""rotulo"": ""Área de atuação"", ""peso"": 40, ""pontos"": 40, ""detalhe"": ""Você atua em Elétrica, que é o que a demanda exige.""}, {""rotulo"": ""Acervo confirmado no Crea"", ""peso"": 30, ""pontos"": 20, ""detalhe"": ""2 documentos confirmados na área da demanda (ponto cheio a partir de 3).""}, {""rotulo"": ""Localização"", ""peso"": 15, ""pontos"": 15, ""detalhe"": ""Você atende Manaus, onde fica a obra.""}, {""rotulo"": ""Avaliações recebidas"", ""peso"": 15, ""pontos"": 14, ""detalhe"": ""Média 4,8 em 23 avaliações de contratos registrados.""}]";Tenho interesse e posso visitar o local nesta semana.;[];enviada;13/09/2026
cand-0194;2026-129;Laudo de estrutura de concreto;Construtora Alfa;prof-001;"{""nome"": ""Daniel Silva do Carmo"", ""iniciais"": ""DC"", ""cor"": """", ""titulo"": ""Engenheiro civil"", ""registro"": ""CREA-AM 031947/D"", ""cidade"": ""Manaus"", ""uf"": ""AM"", ""nota"": 4.8, ""avaliacoes"": 23, ""verificado"": true, ""competencias"": [""Cálculo estrutural"", ""Fundações profundas"", ""SPDA"", ""Laudos técnicos"", ""BIM · Revit""]}";93;"[{""rotulo"": ""Área de atuação"", ""peso"": 40, ""pontos"": 40, ""detalhe"": ""Você atua em Estrutural, que é o que a demanda exige.""}, {""rotulo"": ""Acervo confirmado no Crea"", ""peso"": 30, ""pontos"": 30, ""detalhe"": ""4 documentos confirmados na área da demanda (ponto cheio a partir de 3).""}, {""rotulo"": ""Localização"", ""peso"": 15, ""pontos"": 9, ""detalhe"": ""A obra é em Itacoatiara; você declarou atender todo o AM.""}, {""rotulo"": ""Avaliações recebidas"", ""peso"": 15, ""pontos"": 14, ""detalhe"": ""Média 4,8 em 23 avaliações de contratos registrados.""}]";;[];enviada;05/09/2026
cand-0195;2026-131;Drenagem urbana;Prefeitura de Iranduba;prof-001;"{""nome"": ""Daniel Silva do Carmo"", ""iniciais"": ""DC"", ""cor"": """", ""titulo"": ""Engenheiro civil"", ""registro"": ""CREA-AM 031947/D"", ""cidade"": ""Manaus"", ""uf"": ""AM"", ""nota"": 4.8, ""avaliacoes"": 23, ""verificado"": true, ""competencias"": [""Cálculo estrutural"", ""Fundações profundas"", ""SPDA"", ""Laudos técnicos"", ""BIM · Revit""]}";73;"[{""rotulo"": ""Área de atuação"", ""peso"": 40, ""pontos"": 40, ""detalhe"": ""Você atua em Hidráulica, que é o que a demanda exige.""}, {""rotulo"": ""Acervo confirmado no Crea"", ""peso"": 30, ""pontos"": 10, ""detalhe"": ""1 documento confirmado na área da demanda (ponto cheio a partir de 3).""}, {""rotulo"": ""Localização"", ""peso"": 15, ""pontos"": 9, ""detalhe"": ""A obra é em Iranduba; você declarou atender todo o AM.""}, {""rotulo"": ""Avaliações recebidas"", ""peso"": 15, ""pontos"": 14, ""detalhe"": ""Média 4,8 em 23 avaliações de contratos registrados.""}]";Tenho acervo em obra semelhante e disponibilidade imediata.;[];recusada;18/09/2026
